key,wt,pos,alt,clinvar_simple,clinvar_stars,canonical_avg_rank,field_median8
E2Q,E,2,Q,,,2097.8807500000003,-127.2
E2V,E,2,V,,,2140.84,-140.2
E2G,E,2,G,-1.0,2.0,1425.5572499999998,-87.5
E2D,E,2,D,,,1634.127,-91.05
E2A,E,2,A,,,2167.00525,-120.05000000000001
E2K,E,2,K,-1.0,1.0,2279.13325,-139.95
E3V,E,3,V,,,2012.77275,-115.9
E3Q,E,3,Q,-1.0,2.0,2245.17,-139.4
E3A,E,3,A,,,1879.425,-106.4
E3D,E,3,D,,,1676.1825,-99.0
E3G,E,3,G,-1.0,2.0,1092.1015,-80.3
E3K,E,3,K,-1.0,1.0,2158.78775,-135.1
P4L,P,4,L,0.0,3.0,1644.8505,-94.3
P4Q,P,4,Q,0.0,1.0,2060.627,-125.9
P4R,P,4,R,-1.0,1.0,1504.49375,-91.25
P4S,P,4,S,-1.0,1.0,1520.355,-87.94999999999999
P4T,P,4,T,,,1454.2069999999999,-94.05000000000001
P4A,P,4,A,-1.0,1.0,1178.78675,-75.55
Q5H,Q,5,H,,,1664.60025,-99.5
Q5K,Q,5,K,,,1657.29625,-99.75
Q5L,Q,5,L,,,1235.09625,-79.6
Q5P,Q,5,P,,,799.94325,-61.5
Q5R,Q,5,R,-1.0,1.0,998.222,-76.85
Q5E,Q,5,E,,,1257.45525,-81.85
S6A,S,6,A,,,653.17075,-45.400000000000006
S6L,S,6,L,,,1761.5325,-107.75
S6P,S,6,P,,,1811.984,-102.85
S6T,S,6,T,,,1844.7745,-110.5
D7N,D,7,N,-1.0,1.0,1278.5529999999999,-88.3
D7H,D,7,H,-1.0,1.0,1642.2602499999998,-100.0
D7G,D,7,G,,,810.9205,-61.05
D7V,D,7,V,,,965.61375,-65.44999999999999
D7A,D,7,A,,,471.93875,-20.35
D7E,D,7,E,0.0,3.0,1457.54925,-90.6
D7Y,D,7,Y,,,1551.11575,-95.8
P8A,P,8,A,,,1250.7875,-88.4
P8H,P,8,H,,,1760.8215,-104.1
P8L,P,8,L,0.0,1.0,1798.39475,-108.7
P8T,P,8,T,-1.0,1.0,1175.44025,-81.0
P8R,P,8,R,0.0,1.0,2003.5810000000001,-116.1
P8S,P,8,S,,,1150.8632499999999,-75.19999999999999
S9T,S,9,T,,,1884.0695,-107.85
S9R,S,9,R,-1.0,2.0,1316.51425,-86.4
S9N,S,9,N,-1.0,1.0,497.5705,-21.2
S9I,S,9,I,,,1895.566,-113.0
S9G,S,9,G,-1.0,1.0,1278.9859999999999,-86.7
S9C,S,9,C,,,1261.39575,-85.25
V10L,V,10,L,0.0,3.0,1872.3757500000002,-120.7
V10I,V,10,I,0.0,3.0,2076.692,-134.1
V10G,V,10,G,-1.0,1.0,1603.712,-99.25
V10F,V,10,F,-1.0,1.0,1949.1712499999999,-110.75
V10D,V,10,D,-1.0,1.0,921.9947500000001,-68.9
V10A,V,10,A,,,1500.0555,-94.44999999999999
E11D,E,11,D,,,2137.85,-135.75
E11V,E,11,V,,,2107.694,-122.85
E11Q,E,11,Q,-1.0,1.0,2119.48125,-128.9
E11A,E,11,A,,,2086.52175,-125.2
E11K,E,11,K,-1.0,1.0,1971.1675,-116.3
E11G,E,11,G,,,1562.71825,-101.8
P12A,P,12,A,,,1857.49575,-118.65
P12R,P,12,R,-1.0,1.0,1981.78675,-121.4
P12L,P,12,L,-1.0,1.0,2040.3159999999998,-120.6
P12H,P,12,H,-1.0,1.0,2218.246,-150.75
P12S,P,12,S,-1.0,1.0,603.22425,-30.450000000000003
P12T,P,12,T,,,772.53975,-53.55
P13S,P,13,S,-1.0,3.0,1978.39025,-99.75
P13R,P,13,R,-1.0,1.0,2099.0825,-123.5
P13L,P,13,L,-1.0,1.0,1921.80825,-107.55
P13A,P,13,A,-1.0,1.0,2181.08475,-145.35
P13H,P,13,H,,,2198.45725,-131.5
P13T,P,13,T,,,2190.95575,-149.39999999999998
L14M,L,14,M,,,2149.1012499999997,-128.2
L14P,L,14,P,,,1730.0945000000002,-97.7
L14Q,L,14,Q,-1.0,1.0,2024.0445,-119.0
L14R,L,14,R,,,2053.0065,-110.65
L14V,L,14,V,-1.0,1.0,2112.69275,-123.25
S15C,S,15,C,,,1984.19625,-110.1
S15T,S,15,T,,,1836.07175,-108.05000000000001
S15R,S,15,R,-1.0,1.0,1755.926,-97.25
S15N,S,15,N,,,1960.88425,-108.8
S15I,S,15,I,-1.0,1.0,1805.10725,-99.3
S15G,S,15,G,-1.0,1.0,2150.1452499999996,-117.19999999999999
Q16H,Q,16,H,-1.0,2.0,1703.46225,-103.1
Q16E,Q,16,E,,,1891.06075,-100.35
Q16K,Q,16,K,-1.0,3.0,1902.5819999999999,-118.3
Q16P,Q,16,P,,,1227.47975,-89.44999999999999
Q16R,Q,16,R,-1.0,1.0,1871.4412499999999,-107.1
Q16L,Q,16,L,,,2207.03025,-125.30000000000001
E17A,E,17,A,,,1757.045,-108.3
E17D,E,17,D,,,1208.761,-82.30000000000001
E17G,E,17,G,,,1640.76325,-93.55
E17K,E,17,K,,,1523.877,-86.19999999999999
E17V,E,17,V,,,2119.25225,-116.2
E17Q,E,17,Q,,,1536.09125,-91.6
T18K,T,18,K,,,1488.388,-82.1
T18I,T,18,I,,,1921.6460000000002,-112.15
T18A,T,18,A,,,1754.4885,-104.5
T18P,T,18,P,,,1593.53375,-93.55000000000001
T18S,T,18,S,-1.0,1.0,1351.4065,-81.0
T18R,T,18,R,,,1385.0555,-87.1
F19I,F,19,I,,,1723.4180000000001,-102.45
F19Y,F,19,Y,,,1263.65,-76.25
F19V,F,19,V,,,1104.65675,-78.5
F19S,F,19,S,,,878.8775,-66.65
F19C,F,19,C,,,1033.79575,-72.05000000000001
F19L,F,19,L,,,1684.1509999999998,-90.9
S20P,S,20,P,-1.0,2.0,1771.53175,-100.15
S20T,S,20,T,,,1745.442,-102.75
S20L,S,20,L,-1.0,2.0,1346.20425,-81.0
S20A,S,20,A,,,2101.9432500000003,-120.05
D21Y,D,21,Y,,,1562.1705,-94.7
D21V,D,21,V,,,1253.13175,-80.75
D21A,D,21,A,0.0,1.0,1467.36575,-90.55000000000001
D21H,D,21,H,,,1404.5884999999998,-88.05000000000001
D21G,D,21,G,,,1369.041,-86.35
D21E,D,21,E,-1.0,1.0,1753.1665,-100.55
D21N,D,21,N,-1.0,1.0,1276.63525,-84.45
L22V,L,22,V,,,1064.1979999999999,-72.75
L22R,L,22,R,,,686.5807500000001,-45.65
L22Q,L,22,Q,,,786.42575,-56.7
L22P,L,22,P,,,793.27225,-55.75
L22I,L,22,I,,,1551.68075,-88.15
W23G,W,23,G,,,802.68625,-57.55
W23S,W,23,S,,,937.6665,-72.3
W23R,W,23,R,,,775.8195000000001,-55.9
W23L,W,23,L,,,1585.64075,-86.15
W23C,W,23,C,,,1006.74575,-69.05000000000001
K24Q,K,24,Q,,,1594.40975,-95.05000000000001
K24T,K,24,T,,,1146.68025,-68.6
K24R,K,24,R,,,1327.518,-86.25
K24N,K,24,N,,,1820.4645,-100.7
K24E,K,24,E,,,891.4872499999999,-60.8
K24I,K,24,I,,,594.659,-34.2
L25R,L,25,R,-1.0,1.0,999.83575,-69.25
L25Q,L,25,Q,,,846.28925,-63.800000000000004
L25P,L,25,P,,,936.9325,-67.2
L25V,L,25,V,,,962.27075,-61.2
L25I,L,25,I,,,1355.5445,-81.9
L26V,L,26,V,,,1323.8205,-85.05
L26R,L,26,R,,,905.76325,-67.7
L26P,L,26,P,,,1106.33075,-74.3
L26H,L,26,H,,,864.7915,-70.5
L26I,L,26,I,-1.0,1.0,1492.415,-91.80000000000001
L26F,L,26,F,,,1812.439,-102.69999999999999
P27H,P,27,H,,,462.116,-16.200000000000003
P27A,P,27,A,-1.0,1.0,1935.77375,-103.45
P27R,P,27,R,-1.0,2.0,1827.077,-103.6
P27S,P,27,S,-1.0,2.0,1905.071,-105.8
P27T,P,27,T,-1.0,1.0,2049.64625,-117.6
P27L,P,27,L,-1.0,1.0,504.4865,-16.65
E28G,E,28,G,,,1614.73325,-100.55
E28D,E,28,D,,,2130.5765,-125.0
E28A,E,28,A,,,1820.8605,-113.69999999999999
E28K,E,28,K,-1.0,1.0,1737.1385,-102.9
E28Q,E,28,Q,,,1803.2357499999998,-114.5
E28V,E,28,V,-1.0,1.0,1655.439,-103.75
N29D,N,29,D,0.0,1.0,1808.41075,-104.25
N29K,N,29,K,-1.0,2.0,1806.995,-106.5
N29H,N,29,H,,,1861.48475,-107.0
N29I,N,29,I,,,1943.38575,-113.3
N29S,N,29,S,,,1706.266,-102.85
N29T,N,29,T,-1.0,2.0,1951.36875,-116.25
N29Y,N,29,Y,,,1718.8975,-103.94999999999999
N30Y,N,30,Y,-1.0,1.0,1634.48125,-91.55
N30T,N,30,T,,,1775.1405,-105.05
N30S,N,30,S,,,1470.17225,-92.7
N30D,N,30,D,-1.0,1.0,1214.6757499999999,-79.4
N30K,N,30,K,,,1447.505,-94.5
N30I,N,30,I,-1.0,1.0,1896.1757499999999,-117.35
N30H,N,30,H,,,1399.4492500000001,-83.0
V31A,V,31,A,,,1540.82375,-87.1
V31D,V,31,D,,,1088.0207500000001,-71.4
V31F,V,31,F,-1.0,2.0,1015.97825,-65.25
V31G,V,31,G,,,1248.1734999999999,-81.6
V31L,V,31,L,,,1794.83225,-95.3
V31I,V,31,I,-1.0,1.0,1903.4975,-108.75
L32P,L,32,P,,,1403.5045,-87.3
L32Q,L,32,Q,,,1228.2755,-81.55
L32R,L,32,R,,,1352.9295000000002,-81.55000000000001
L32V,L,32,V,0.0,1.0,1274.458,-82.80000000000001
L32M,L,32,M,,,1618.976,-93.15
S33A,S,33,A,,,652.01625,-33.7
S33C,S,33,C,,,1275.2265,-87.9
S33Y,S,33,Y,-1.0,1.0,1614.9592499999999,-98.45
S33T,S,33,T,-1.0,1.0,1132.913,-78.3
S33P,S,33,P,,,1873.4834999999998,-115.05000000000001
S33F,S,33,F,-1.0,1.0,2037.37525,-120.75
P34H,P,34,H,,,1628.6154999999999,-105.25
P34L,P,34,L,-1.0,2.0,388.4865,-12.5
P34R,P,34,R,-1.0,1.0,1554.81275,-99.2
P34S,P,34,S,-1.0,1.0,300.99775,-9.7
P34T,P,34,T,-1.0,1.0,1989.08025,-120.55
P34A,P,34,A,-1.0,1.0,1915.2157499999998,-120.9
L35W,L,35,W,,,1851.13875,-105.2
L35V,L,35,V,,,877.9575,-64.15
L35S,L,35,S,,,709.8520000000001,-51.8
L35M,L,35,M,-1.0,1.0,1445.7512499999998,-86.25
L35F,L,35,F,0.0,3.0,1735.13525,-100.45
P36A,P,36,A,,,1043.1080000000002,-69.55
P36T,P,36,T,,,1378.652,-80.05000000000001
P36R,P,36,R,,,1741.7952500000001,-102.4
P36Q,P,36,Q,0.0,3.0,1236.2215,-79.35
P36S,P,36,S,-1.0,2.0,1078.821,-68.1
P36L,P,36,L,-1.0,1.0,496.82574999999997,-18.1
S37P,S,37,P,,,1764.20525,-99.65
S37F,S,37,F,-1.0,1.0,1767.61975,-102.55
S37C,S,37,C,-1.0,2.0,967.0625,-61.85
S37A,S,37,A,,,1526.69125,-91.6
S37T,S,37,T,,,1045.2275,-71.0
S37Y,S,37,Y,,,1273.01975,-79.65
Q38E,Q,38,E,,,1290.2402499999998,-78.1
Q38H,Q,38,H,,,1571.89325,-87.65
Q38K,Q,38,K,,,1426.35275,-86.25
Q38L,Q,38,L,,,1584.1615,-90.75
Q38P,Q,38,P,-1.0,1.0,841.87425,-61.849999999999994
Q38R,Q,38,R,-1.0,1.0,1313.835,-83.0
A39E,A,39,E,,,1328.8982500000002,-77.75
A39S,A,39,S,-1.0,1.0,1578.25,-91.69999999999999
A39P,A,39,P,,,665.79975,-46.7
A39T,A,39,T,-1.0,1.0,1681.77375,-94.69999999999999
A39V,A,39,V,-1.0,1.0,1920.69225,-110.4
A39G,A,39,G,,,2010.6365,-123.55
M40V,M,40,V,-1.0,1.0,1712.85175,-98.2
M40T,M,40,T,-1.0,1.0,1125.07025,-76.0
M40R,M,40,R,,,1390.5567500000002,-90.35
M40I,M,40,I,,,1964.5115,-106.45
M40K,M,40,K,,,1254.1370000000002,-77.69999999999999
M40L,M,40,L,,,1505.30525,-90.15
D41Y,D,41,Y,,,1245.23625,-86.69999999999999
D41H,D,41,H,,,1271.1125,-82.0
D41A,D,41,A,,,822.00175,-60.75
D41N,D,41,N,-1.0,1.0,1679.18175,-100.05000000000001
D41E,D,41,E,,,684.1982499999999,-45.75
D41V,D,41,V,,,2034.01975,-108.55000000000001
D41G,D,41,G,-1.0,1.0,1465.309,-83.1
D42N,D,42,N,-1.0,1.0,1322.1460000000002,-97.44999999999999
D42H,D,42,H,,,1633.5625,-93.6
D42G,D,42,G,-1.0,1.0,1761.66325,-96.85
D42E,D,42,E,,,1380.49225,-82.0
D42A,D,42,A,,,1621.398,-89.9
D42Y,D,42,Y,,,427.83725000000004,-15.6
D42V,D,42,V,,,1824.18325,-99.4
L43V,L,43,V,-1.0,2.0,1807.78575,-104.75
L43W,L,43,W,,,2223.6724999999997,-132.35
L43F,L,43,F,-1.0,1.0,2091.97075,-119.0
L43S,L,43,S,,,1644.4835,-90.1
L43M,L,43,M,-1.0,1.0,1765.7385,-93.4
M44I,M,44,I,-1.0,1.0,1927.716,-109.9
M44K,M,44,K,-1.0,1.0,850.93975,-60.3
M44R,M,44,R,-1.0,1.0,1161.64525,-83.8
M44T,M,44,T,-1.0,1.0,750.874,-55.0
M44V,M,44,V,-1.0,1.0,1343.58625,-82.94999999999999
M44L,M,44,L,-1.0,1.0,1276.84175,-76.55
L45M,L,45,M,,,2185.7785000000003,-135.35
L45P,L,45,P,-1.0,1.0,2092.12725,-104.0
L45Q,L,45,Q,,,1812.0965,-97.45
L45R,L,45,R,,,1917.9992499999998,-110.1
L45V,L,45,V,-1.0,1.0,2104.08275,-120.05
S46T,S,46,T,,,2142.92675,-118.75
S46A,S,46,A,,,336.01125,-10.3
S46C,S,46,C,,,2295.208,-165.95
S46F,S,46,F,,,1938.8375,-117.44999999999999
S46Y,S,46,Y,-1.0,1.0,2249.0715,-149.35
S46P,S,46,P,-1.0,1.0,2168.729,-141.7
P47A,P,47,A,-1.0,2.0,2223.01275,-141.05
P47T,P,47,T,-1.0,1.0,2289.2934999999998,-165.0
P47S,P,47,S,0.0,3.0,2268.6634999999997,-165.45
P47R,P,47,R,-1.0,1.0,2236.74975,-142.45
P47Q,P,47,Q,,,2281.48025,-162.6
P47L,P,47,L,,,1035.03075,-55.8
D48V,D,48,V,,,1432.659,-83.80000000000001
D48N,D,48,N,,,1911.493,-98.35
D48H,D,48,H,,,2124.8467499999997,-137.05
D48G,D,48,G,0.0,3.0,2077.85675,-134.35000000000002
D48E,D,48,E,0.0,3.0,1654.266,-103.19999999999999
D48Y,D,48,Y,,,1175.40175,-79.55000000000001
D48A,D,48,A,,,1406.6689999999999,-98.55000000000001
D49Y,D,49,Y,,,2146.47675,-136.4
D49V,D,49,V,,,873.36125,-69.55000000000001
D49A,D,49,A,,,2055.21925,-126.9
D49N,D,49,N,0.0,3.0,1947.83275,-117.6
D49H,D,49,H,0.0,3.0,456.972,-18.6
D49G,D,49,G,-1.0,1.0,2012.19225,-124.69999999999999
D49E,D,49,E,-1.0,1.0,1806.891,-104.7
I50F,I,50,F,,,1750.07375,-105.75
I50L,I,50,L,-1.0,1.0,1702.93525,-98.65
I50M,I,50,M,,,1366.07775,-94.45
I50N,I,50,N,-1.0,2.0,713.8489999999999,-51.25
I50V,I,50,V,,,1168.80225,-81.5
I50T,I,50,T,0.0,3.0,770.73925,-56.0
I50S,I,50,S,,,455.85725,-27.5
E51K,E,51,K,-1.0,1.0,1916.5955,-104.5
E51A,E,51,A,,,2057.33275,-120.0
E51D,E,51,D,,,1730.8310000000001,-102.19999999999999
E51G,E,51,G,-1.0,1.0,1430.0075000000002,-87.5
E51V,E,51,V,,,2121.42825,-134.05
E51Q,E,51,Q,,,1962.52725,-115.1
Q52R,Q,52,R,-1.0,2.0,2028.467,-121.05
Q52P,Q,52,P,,,1365.5902500000002,-91.7
Q52L,Q,52,L,,,1831.6805,-109.6
Q52H,Q,52,H,,,1815.6077500000001,-110.55
Q52E,Q,52,E,,,1198.3705,-87.5
Q52K,Q,52,K,,,1947.4987500000002,-127.8
W53C,W,53,C,,,774.4014999999999,-70.35
W53G,W,53,G,,,727.4965,-49.849999999999994
W53L,W,53,L,-1.0,1.0,1617.68125,-100.45
W53R,W,53,R,-1.0,2.0,740.28675,-49.5
W53S,W,53,S,,,702.55825,-51.1
F54S,F,54,S,,,765.2462499999999,-53.3
F54Y,F,54,Y,,,1099.348,-74.6
F54V,F,54,V,,,948.37525,-71.80000000000001
F54L,F,54,L,-1.0,1.0,1702.8595,-98.95
F54C,F,54,C,,,1054.4175,-68.7
F54I,F,54,I,,,1591.7545,-96.44999999999999
T55S,T,55,S,-1.0,1.0,906.81675,-73.35
T55P,T,55,P,-1.0,1.0,1640.953,-107.85
T55N,T,55,N,,,1885.71025,-111.75
T55I,T,55,I,,,1638.2847499999998,-93.85
T55A,T,55,A,,,1995.657,-111.75
E56D,E,56,D,,,1164.314,-80.25
E56G,E,56,G,-1.0,1.0,2027.988,-122.05000000000001
E56K,E,56,K,-1.0,1.0,840.88175,-65.4
E56Q,E,56,Q,,,1993.1005,-124.65
E56V,E,56,V,,,1993.01525,-105.69999999999999
E56A,E,56,A,,,1898.5862499999998,-119.94999999999999
D57A,D,57,A,-1.0,2.0,477.33500000000004,-15.45
D57Y,D,57,Y,,,1988.102,-119.4
D57V,D,57,V,0.0,1.0,1801.3944999999999,-112.15
D57N,D,57,N,,,1778.8297499999999,-106.5
D57H,D,57,H,,,2090.1095,-118.8
D57G,D,57,G,-1.0,1.0,1933.9865,-121.44999999999999
D57E,D,57,E,-1.0,1.0,1842.5445,-105.75
P58R,P,58,R,-1.0,1.0,1749.52725,-109.19999999999999
P58Q,P,58,Q,,,1222.9434999999999,-84.5
P58L,P,58,L,,,1710.19825,-108.25
P58S,P,58,S,,,775.3335,-59.05
P58A,P,58,A,0.0,1.0,1287.07375,-87.25
P58T,P,58,T,-1.0,1.0,1504.76575,-96.75
G59V,G,59,V,,,1944.37175,-117.69999999999999
G59S,G,59,S,-1.0,1.0,959.65075,-69.25
G59R,G,59,R,-1.0,1.0,1656.56275,-100.15
G59A,G,59,A,-1.0,1.0,1667.44425,-100.9
G59D,G,59,D,0.0,1.0,1408.1795000000002,-87.5
G59C,G,59,C,-1.0,1.0,1821.0900000000001,-115.95
P60A,P,60,A,,,1771.64525,-110.9
P60L,P,60,L,-1.0,1.0,1976.5415,-114.85
P60Q,P,60,Q,,,1903.4775,-106.0
P60R,P,60,R,,,1816.44775,-105.0
P60S,P,60,S,,,1128.15375,-73.5
P60T,P,60,T,,,1365.69025,-81.4
D61E,D,61,E,-1.0,1.0,1715.21175,-93.35
D61G,D,61,G,-1.0,1.0,2112.876,-124.05
D61H,D,61,H,,,2052.25075,-130.0
D61N,D,61,N,,,1998.6532499999998,-111.7
D61A,D,61,A,,,1894.29425,-110.25
D61V,D,61,V,-1.0,1.0,2053.4565000000002,-122.6
D61Y,D,61,Y,-1.0,1.0,2107.1677499999996,-135.05
E62Q,E,62,Q,,,1833.98225,-105.30000000000001
E62G,E,62,G,0.0,1.0,1785.49325,-107.05
E62D,E,62,D,,,1727.34125,-98.9
E62A,E,62,A,-1.0,1.0,1839.036,-106.0
E62K,E,62,K,-1.0,1.0,1882.48525,-108.55
E62V,E,62,V,,,262.42825,-5.35
A63V,A,63,V,0.0,3.0,1380.39525,-81.0
A63T,A,63,T,0.0,1.0,1248.4270000000001,-86.95
A63S,A,63,S,,,838.7395,-67.65
A63P,A,63,P,,,1552.27,-88.65
A63G,A,63,G,0.0,3.0,1294.6305,-75.30000000000001
A63D,A,63,D,,,1195.9555,-88.2
P64T,P,64,T,-1.0,1.0,1355.76975,-82.25
P64S,P,64,S,-1.0,2.0,1973.717,-108.05
P64R,P,64,R,,,1613.6399999999999,-95.80000000000001
P64L,P,64,L,-1.0,1.0,1671.534,-97.85
P64A,P,64,A,,,819.1955,-58.45
P64H,P,64,H,,,1658.62475,-97.7
R65G,R,65,G,-1.0,1.0,1500.4495000000002,-88.95
R65I,R,65,I,,,1551.112,-89.15
R65K,R,65,K,,,1753.14075,-99.5
R65S,R,65,S,,,1768.25575,-105.4
R65T,R,65,T,-1.0,1.0,1349.9672500000001,-85.2
M66I,M,66,I,-1.0,1.0,1510.0145000000002,-91.05000000000001
M66K,M,66,K,,,1483.3697499999998,-91.35
M66L,M,66,L,,,1522.9589999999998,-95.6
M66R,M,66,R,-1.0,1.0,1422.03525,-87.15
M66T,M,66,T,-1.0,1.0,770.64175,-57.5
M66V,M,66,V,0.0,1.0,1684.4782500000001,-102.9
P67Q,P,67,Q,-1.0,1.0,1628.15825,-100.1
P67A,P,67,A,-1.0,2.0,1626.7135,-90.25
P67T,P,67,T,,,1533.24375,-93.1
P67S,P,67,S,-1.0,1.0,1370.18175,-92.9
P67R,P,67,R,,,1357.64525,-88.0
P67L,P,67,L,,,1524.24275,-94.6
E68A,E,68,A,,,1542.33475,-93.75
E68V,E,68,V,,,1815.21975,-110.05
E68Q,E,68,Q,-1.0,2.0,1550.30775,-97.15
E68K,E,68,K,,,1408.8205,-88.30000000000001
E68G,E,68,G,,,1874.38,-118.05000000000001
E68D,E,68,D,,,1424.29475,-89.6
A69V,A,69,V,-1.0,1.0,1702.03675,-106.75
A69T,A,69,T,-1.0,1.0,1368.522,-90.45
A69S,A,69,S,,,1192.10725,-80.9
A69P,A,69,P,-1.0,1.0,1129.49275,-75.25
A69G,A,69,G,-1.0,3.0,1429.01225,-83.30000000000001
A69D,A,69,D,,,1094.96925,-70.35
A70D,A,70,D,,,1109.03925,-76.6
A70V,A,70,V,-1.0,2.0,1504.35925,-92.65
A70S,A,70,S,,,1155.32175,-81.15
A70G,A,70,G,,,1443.141,-95.2
A70T,A,70,T,,,1180.4505,-90.35
A70P,A,70,P,,,1402.187,-91.25
P71S,P,71,S,-1.0,1.0,958.098,-72.65
P71T,P,71,T,,,996.93525,-68.4
P71R,P,71,R,-1.0,1.0,939.49975,-65.4
P71L,P,71,L,,,1127.87975,-73.05
P71A,P,71,A,-1.0,1.0,1264.76825,-85.25
P71H,P,71,H,,,1215.16325,-82.65
P72A,P,72,A,0.0,3.0,1173.8807499999998,-80.05
P72L,P,72,L,-1.0,1.0,1690.3532500000001,-107.1
P72H,P,72,H,0.0,3.0,1482.8595,-86.85
P72S,P,72,S,-1.0,2.0,1524.0685,-90.75
P72T,P,72,T,-1.0,1.0,1298.5075,-88.35
P72R,P,72,R,0.0,3.0,1345.9645,-93.6
V73A,V,73,A,-1.0,1.0,1512.036,-92.85
V73L,V,73,L,-1.0,1.0,1376.7202499999999,-87.7
V73M,V,73,M,0.0,3.0,1463.41425,-92.4
V73E,V,73,E,0.0,1.0,1260.4502499999999,-88.0
V73G,V,73,G,,,1310.56875,-81.05
A74P,A,74,P,,,1544.92725,-107.65
A74V,A,74,V,0.0,3.0,1234.73625,-82.80000000000001
A74G,A,74,G,-1.0,1.0,1277.49975,-87.19999999999999
A74D,A,74,D,,,1057.66875,-79.3
A74S,A,74,S,-1.0,1.0,907.8599999999999,-70.35
A74T,A,74,T,-1.0,1.0,520.0999999999999,-27.7
P75A,P,75,A,,,1445.4095,-92.4
P75L,P,75,L,-1.0,1.0,162.19650000000001,-7.9
P75H,P,75,H,,,1613.772,-103.25
P75T,P,75,T,-1.0,1.0,1262.60025,-85.75
P75S,P,75,S,0.0,1.0,1648.2955000000002,-96.1
P75R,P,75,R,,,1760.8035,-118.35
A76G,A,76,G,0.0,1.0,1830.025,-107.8
A76P,A,76,P,,,1165.4245,-79.3
A76E,A,76,E,,,1272.55575,-86.7
A76S,A,76,S,,,1063.8965,-85.8
A76T,A,76,T,-1.0,1.0,1450.06425,-90.4
A76V,A,76,V,-1.0,2.0,1047.0415,-71.9
P77S,P,77,S,-1.0,1.0,1230.4830000000002,-82.95
P77R,P,77,R,,,1259.681,-88.35
P77Q,P,77,Q,,,1592.732,-99.6
P77T,P,77,T,-1.0,1.0,1482.299,-92.65
P77L,P,77,L,-1.0,1.0,1854.2595000000001,-114.4
P77A,P,77,A,-1.0,1.0,1616.9955,-97.7
A78V,A,78,V,-1.0,1.0,1896.2422499999998,-109.65
A78T,A,78,T,-1.0,1.0,1904.214,-111.30000000000001
A78S,A,78,S,-1.0,1.0,1743.5665,-107.6
A78P,A,78,P,,,1799.92475,-110.0
A78G,A,78,G,-1.0,1.0,1701.5497500000001,-99.3
A78E,A,78,E,,,1602.7925,-93.85
A79V,A,79,V,0.0,1.0,1778.51525,-106.1
A79T,A,79,T,,,1326.92875,-76.15
A79S,A,79,S,,,1371.38125,-82.55
A79P,A,79,P,,,1581.97225,-92.6
A79G,A,79,G,-1.0,2.0,1773.94675,-97.05
A79D,A,79,D,,,1697.038,-105.95
P80R,P,80,R,,,1863.033,-106.75
P80A,P,80,A,,,1562.6242499999998,-96.3
P80T,P,80,T,,,1441.054,-85.25
P80S,P,80,S,-1.0,2.0,1543.588,-84.94999999999999
P80L,P,80,L,-1.0,1.0,1576.53325,-106.44999999999999
P80H,P,80,H,,,1468.4325,-89.25
T81P,T,81,P,,,1475.2965,-91.55000000000001
T81R,T,81,R,,,1647.6195,-106.9
T81A,T,81,A,,,1692.06975,-105.05
T81S,T,81,S,,,1076.609,-63.75
T81I,T,81,I,-1.0,1.0,1512.133,-102.80000000000001
T81K,T,81,K,,,1715.4675,-110.7
P82L,P,82,L,0.0,3.0,1040.0315,-76.15
P82R,P,82,R,-1.0,1.0,1288.2705,-86.19999999999999
P82Q,P,82,Q,,,1503.5755,-93.65
P82S,P,82,S,-1.0,1.0,1336.6242499999998,-86.9
P82T,P,82,T,,,1687.33825,-99.30000000000001
P82A,P,82,A,-1.0,1.0,1515.48775,-98.85
A83E,A,83,E,-1.0,1.0,1024.9865,-78.94999999999999
A83G,A,83,G,,,1300.415,-93.85
A83P,A,83,P,0.0,1.0,1114.538,-76.55000000000001
A83S,A,83,S,-1.0,1.0,1567.1335,-102.5
A83T,A,83,T,-1.0,1.0,1075.83525,-68.3
A83V,A,83,V,-1.0,1.0,1490.22525,-100.5
A84P,A,84,P,,,1461.85575,-105.3
A84D,A,84,D,,,772.81375,-63.6
A84T,A,84,T,0.0,3.0,1139.906,-75.45
A84V,A,84,V,-1.0,1.0,1663.9502499999999,-94.05000000000001
A84S,A,84,S,,,844.91625,-61.099999999999994
A84G,A,84,G,,,1562.698,-102.25
P85T,P,85,T,,,1488.8137499999998,-104.05
P85S,P,85,S,-1.0,2.0,1367.69575,-91.44999999999999
P85R,P,85,R,,,1661.04125,-109.0
P85L,P,85,L,-1.0,1.0,1514.32475,-99.45
P85H,P,85,H,,,709.2429999999999,-45.45
P85A,P,85,A,-1.0,1.0,1437.594,-88.65
A86E,A,86,E,,,2011.4167499999999,-105.44999999999999
A86V,A,86,V,-1.0,1.0,1481.5707499999999,-91.9
A86T,A,86,T,-1.0,1.0,1580.28125,-111.15
A86S,A,86,S,,,950.27925,-68.65
A86G,A,86,G,,,1557.81225,-86.0
A86P,A,86,P,-1.0,1.0,1349.814,-93.35
P87L,P,87,L,-1.0,1.0,1520.3577500000001,-98.6
P87R,P,87,R,-1.0,2.0,1752.44775,-100.35
P87S,P,87,S,-1.0,1.0,1540.07325,-102.80000000000001
P87T,P,87,T,,,1451.47975,-95.4
P87Q,P,87,Q,,,1308.6855,-79.44999999999999
P87A,P,87,A,-1.0,1.0,1156.89625,-87.0
A88V,A,88,V,-1.0,1.0,1697.53625,-100.0
A88T,A,88,T,-1.0,1.0,1339.8132500000002,-90.44999999999999
A88S,A,88,S,,,1038.568,-58.35
A88P,A,88,P,-1.0,1.0,1638.00625,-100.55
A88G,A,88,G,-1.0,1.0,1577.316,-102.85
A88D,A,88,D,,,835.91425,-68.5
P89T,P,89,T,-1.0,1.0,1463.655,-97.1
P89S,P,89,S,,,1291.18275,-93.15
P89R,P,89,R,,,1861.964,-114.7
P89A,P,89,A,,,1778.80175,-111.4
P89L,P,89,L,-1.0,1.0,1599.521,-108.35
P89H,P,89,H,,,177.9185,-0.0
S90Y,S,90,Y,,,1746.7687500000002,-106.80000000000001
S90T,S,90,T,,,1281.7125,-81.9
S90P,S,90,P,,,1633.68925,-94.6
S90F,S,90,F,-1.0,2.0,1673.962,-99.2
S90C,S,90,C,,,1486.944,-95.69999999999999
S90A,S,90,A,,,1318.30575,-86.55000000000001
W91S,W,91,S,-1.0,1.0,994.19075,-63.650000000000006
W91R,W,91,R,-1.0,1.0,819.512,-47.2
W91G,W,91,G,,,919.7305,-69.35
W91L,W,91,L,,,1742.57475,-104.0
W91C,W,91,C,,,1761.1715,-94.65
P92A,P,92,A,,,278.36025,-9.25
P92T,P,92,T,-1.0,1.0,1511.116,-92.4
P92S,P,92,S,0.0,1.0,1744.23025,-105.05
P92R,P,92,R,,,2045.3342499999999,-127.85
P92L,P,92,L,-1.0,1.0,2054.05175,-120.05
P92H,P,92,H,-1.0,1.0,1787.9257499999999,-103.9
L93Q,L,93,Q,,,1090.482,-85.55
L93P,L,93,P,-1.0,2.0,1088.0922500000001,-71.25
L93M,L,93,M,,,1370.25,-82.5
L93R,L,93,R,-1.0,1.0,1979.1615,-131.85
L93V,L,93,V,,,1302.50625,-87.95
S94A,S,94,A,0.0,1.0,2186.2344999999996,-135.5
S94L,S,94,L,0.0,1.0,1873.20575,-104.15
S94P,S,94,P,,,1397.0052500000002,-92.94999999999999
S94T,S,94,T,-1.0,1.0,2027.40875,-128.95
S95T,S,95,T,0.0,1.0,1416.348,-97.55000000000001
S95Y,S,95,Y,,,1718.473,-98.35
S95P,S,95,P,-1.0,1.0,1514.92,-100.5
S95A,S,95,A,,,1637.28075,-97.44999999999999
S95F,S,95,F,-1.0,2.0,691.8135,-46.5
S95C,S,95,C,,,1496.11725,-91.7
S96P,S,96,P,,,576.88125,-30.55
S96Y,S,96,Y,,,1939.4625,-94.3
S96T,S,96,T,,,673.13875,-44.05
S96F,S,96,F,,,633.2742499999999,-39.4
S96C,S,96,C,,,1359.1554999999998,-88.15
S96A,S,96,A,,,454.49225,-23.9
V97L,V,97,L,-1.0,1.0,985.14625,-70.4
V97A,V,97,A,-1.0,1.0,753.6015,-53.15
V97I,V,97,I,-1.0,2.0,1145.55925,-80.05
V97G,V,97,G,,,617.17125,-18.45
V97F,V,97,F,-1.0,1.0,1139.7069999999999,-82.75
V97D,V,97,D,-1.0,2.0,539.61,-14.75
P98T,P,98,T,-1.0,1.0,472.62199999999996,-8.0
P98S,P,98,S,-1.0,2.0,551.096,-15.4
P98R,P,98,R,-1.0,2.0,509.4835,-20.05
P98L,P,98,L,-1.0,1.0,594.4952499999999,-21.25
P98H,P,98,H,,,498.1095,-13.950000000000001
P98A,P,98,A,-1.0,2.0,682.564,-20.65
S99A,S,99,A,,,515.481,-23.05
S99Y,S,99,Y,,,746.306,-32.599999999999994
S99F,S,99,F,-1.0,1.0,661.6965,-27.7
S99T,S,99,T,,,1045.26375,-66.85
S99P,S,99,P,,,520.43525,-24.0
S99C,S,99,C,-1.0,1.0,1548.96325,-85.65
Q100E,Q,100,E,,,1429.7092499999999,-83.05
Q100R,Q,100,R,,,592.098,-33.25
Q100P,Q,100,P,-1.0,1.0,609.963,-31.65
Q100L,Q,100,L,,,647.8955,-41.65
Q100K,Q,100,K,,,1310.6325000000002,-93.65
Q100H,Q,100,H,,,860.867,-59.349999999999994
K101Q,K,101,Q,-1.0,1.0,588.751,-31.849999999999998
K101R,K,101,R,,,1389.92975,-91.25
K101T,K,101,T,,,1903.0635000000002,-111.1
K101N,K,101,N,-1.0,2.0,563.54375,-25.3
K101E,K,101,E,-1.0,2.0,1168.3517499999998,-93.45
K101I,K,101,I,,,709.7682500000001,-42.349999999999994
T102N,T,102,N,,,1389.3785,-78.65
T102I,T,102,I,-1.0,1.0,1244.83075,-86.05000000000001
T102P,T,102,P,,,880.10475,-61.949999999999996
T102S,T,102,S,-1.0,1.0,1305.4725,-86.65
T102A,T,102,A,-1.0,1.0,599.5825,-22.0
Y103C,Y,103,C,,,963.81525,-65.5
Y103D,Y,103,D,,,1092.354,-73.85
Y103F,Y,103,F,,,1015.90525,-68.8
Y103S,Y,103,S,-1.0,1.0,643.72425,-39.95
Y103N,Y,103,N,,,828.142,-60.6
Y103H,Y,103,H,,,1146.627,-73.85
Q104K,Q,104,K,,,1408.84175,-86.25
Q104E,Q,104,E,,,1279.47,-80.69999999999999
Q104H,Q,104,H,-1.0,1.0,662.15025,-43.25
Q104L,Q,104,L,-1.0,1.0,1278.966,-77.9
Q104P,Q,104,P,,,1038.2415,-71.30000000000001
Q104R,Q,104,R,,,1072.63975,-74.3
G105R,G,105,R,1.0,2.0,350.03075,-13.65
G105S,G,105,S,1.0,2.0,401.764,-15.0
G105V,G,105,V,-1.0,1.0,190.14125,-7.8999999999999995
G105D,G,105,D,-1.0,1.0,498.2315,-20.1
G105A,G,105,A,-1.0,1.0,545.43525,-33.5
G105C,G,105,C,,,405.62924999999996,-13.8
S106C,S,106,C,-1.0,1.0,1343.8182499999998,-83.05
S106T,S,106,T,,,615.53075,-32.05
S106R,S,106,R,1.0,3.0,750.46375,-47.25
S106I,S,106,I,-1.0,1.0,906.398,-65.35
S106G,S,106,G,,,1133.67375,-75.6
S106N,S,106,N,,,698.732,-38.8
Y107S,Y,107,S,-1.0,1.0,483.8355,-18.35
Y107N,Y,107,N,-1.0,1.0,477.77099999999996,-21.15
Y107H,Y,107,H,0.0,3.0,1032.0035,-64.94999999999999
Y107F,Y,107,F,,,1197.6909999999998,-75.05
Y107D,Y,107,D,-1.0,1.0,270.969,-10.2
Y107C,Y,107,C,-1.0,2.0,862.55625,-60.2
G108V,G,108,V,-1.0,1.0,561.9757500000001,-28.9
G108C,G,108,C,-1.0,1.0,648.8085,-50.0
G108A,G,108,A,,,759.768,-53.1
G108D,G,108,D,-1.0,2.0,415.12874999999997,-18.450000000000003
G108R,G,108,R,-1.0,2.0,865.47375,-73.85
G108S,G,108,S,0.0,3.0,703.04075,-46.55
F109I,F,109,I,1.0,2.0,349.93425,-13.5
F109L,F,109,L,,,611.9582499999999,-29.0
F109S,F,109,S,-1.0,2.0,165.57600000000002,-9.899999999999999
F109V,F,109,V,-1.0,1.0,74.54075,-0.0
F109Y,F,109,Y,-1.0,1.0,478.96725000000004,-19.0
F109C,F,109,C,1.0,1.0,347.31525,-13.149999999999999
R110C,R,110,C,-1.0,3.0,529.9047499999999,-19.35
R110G,R,110,G,1.0,3.0,454.514,-17.1
R110H,R,110,H,0.0,3.0,938.58975,-55.0
R110L,R,110,L,1.0,3.0,302.96425,-12.55
R110P,R,110,P,1.0,3.0,203.65875,-9.2
R110S,R,110,S,-1.0,2.0,220.497,-10.55
L111P,L,111,P,1.0,3.0,209.81425000000002,-8.25
L111Q,L,111,Q,1.0,3.0,197.47625,-9.1
L111R,L,111,R,1.0,3.0,154.95225,-7.2
L111M,L,111,M,-1.0,2.0,580.7462499999999,-31.7
L111V,L,111,V,0.0,3.0,1018.2827500000001,-64.9
G112C,G,112,C,,,626.10525,-37.35
G112D,G,112,D,-1.0,2.0,619.12225,-39.3
G112R,G,112,R,,,1086.44375,-76.25
G112S,G,112,S,-1.0,1.0,845.0207499999999,-59.25
G112A,G,112,A,-1.0,1.0,847.25725,-66.75
G112V,G,112,V,,,920.9955,-72.95
F113C,F,113,C,1.0,1.0,314.11675,-10.100000000000001
F113I,F,113,I,1.0,2.0,205.08675,-7.9
F113V,F,113,V,1.0,2.0,202.44425,-6.75
F113S,F,113,S,-1.0,1.0,240.75975,-9.6
F113Y,F,113,Y,,,501.97725,-21.9
F113L,F,113,L,1.0,1.0,456.22850000000005,-19.85
L114W,L,114,W,,,840.004,-65.7
L114V,L,114,V,-1.0,1.0,1597.588,-104.1
L114S,L,114,S,-1.0,1.0,1145.0145,-79.1
L114M,L,114,M,,,1222.6702500000001,-81.8
L114F,L,114,F,,,1495.137,-91.05000000000001
H115R,H,115,R,0.0,3.0,1614.473,-97.0
H115Q,H,115,Q,,,1592.44875,-99.1
H115P,H,115,P,,,1823.2314999999999,-114.45
H115N,H,115,N,-1.0,1.0,1646.1712499999999,-97.30000000000001
H115D,H,115,D,,,2181.13425,-143.2
H115L,H,115,L,,,1276.413,-92.44999999999999
H115Y,H,115,Y,,,1249.00475,-81.05000000000001
S116A,S,116,A,-1.0,1.0,1564.7060000000001,-104.25
S116F,S,116,F,,,1220.40325,-90.65
S116P,S,116,P,,,308.17725,-12.65
S116T,S,116,T,,,1358.0605,-92.9
S116Y,S,116,Y,,,932.23675,-68.25
S116C,S,116,C,,,725.1265000000001,-23.45
G117W,G,117,W,,,449.52575,-17.4
G117E,G,117,E,-1.0,1.0,667.18525,-32.55
G117A,G,117,A,-1.0,1.0,723.0699999999999,-48.95
G117R,G,117,R,-1.0,2.0,735.5795,-59.85
G117V,G,117,V,-1.0,1.0,526.3629999999999,-19.35
T118S,T,118,S,,,1245.32375,-86.6
T118R,T,118,R,-1.0,1.0,989.51425,-74.4
T118P,T,118,P,,,364.93174999999997,-14.5
T118I,T,118,I,0.0,3.0,1093.161,-78.05000000000001
T118A,T,118,A,,,1303.25525,-88.80000000000001
T118K,T,118,K,,,1230.9685,-83.7
A119V,A,119,V,,,673.044,-41.2
A119T,A,119,T,,,1449.3715,-97.35
A119S,A,119,S,,,1223.3287500000001,-92.4
A119P,A,119,P,-1.0,2.0,714.0989999999999,-36.75
A119G,A,119,G,-1.0,1.0,784.4617499999999,-52.15
A119D,A,119,D,-1.0,2.0,508.081,-14.45
K120T,K,120,T,-1.0,1.0,576.3820000000001,-17.0
K120M,K,120,M,-1.0,2.0,429.38475,-11.399999999999999
K120N,K,120,N,,,536.55525,-15.95
K120Q,K,120,Q,-1.0,2.0,526.3585,-14.7
K120R,K,120,R,-1.0,2.0,966.4325,-68.0
K120E,K,120,E,-1.0,1.0,266.38875,-10.2
S121C,S,121,C,,,1299.62275,-91.7
S121P,S,121,P,-1.0,2.0,557.86675,-19.0
S121T,S,121,T,,,1175.5325,-82.75
S121Y,S,121,Y,-1.0,0.0,1368.68975,-98.9
S121A,S,121,A,,,1027.0435,-73.15
S121F,S,121,F,,,1997.31225,-106.95
V122E,V,122,E,,,798.5462500000001,-39.349999999999994
V122M,V,122,M,0.0,3.0,603.93075,-36.1
V122L,V,122,L,-1.0,1.0,573.1324999999999,-19.2
V122G,V,122,G,,,193.215,-6.9
V122A,V,122,A,-1.0,2.0,221.24349999999998,-10.55
T123S,T,123,S,-1.0,1.0,2138.353,-128.65
T123P,T,123,P,,,372.14275,-8.4
T123N,T,123,N,,,1590.5855,-99.25
T123I,T,123,I,-1.0,2.0,759.51425,-49.6
T123A,T,123,A,,,2163.3345,-122.65
C124Y,C,124,Y,,,1690.93,-101.94999999999999
C124W,C,124,W,0.0,1.0,2010.69825,-116.85
C124F,C,124,F,,,2093.57175,-133.2
C124G,C,124,G,-1.0,1.0,495.49699999999996,-27.05
C124S,C,124,S,0.0,3.0,1534.7939999999999,-92.45
C124R,C,124,R,1.0,1.0,357.3295,-14.6
T125K,T,125,K,1.0,2.0,269.21475,-7.55
T125M,T,125,M,-1.0,1.0,360.69775000000004,-14.55
T125R,T,125,R,1.0,2.0,261.177,-7.9
T125A,T,125,A,-1.0,2.0,555.146,-29.8
T125S,T,125,S,-1.0,0.0,835.1795,-63.949999999999996
T125P,T,125,P,-1.0,1.0,158.18599999999998,-7.75
Y126D,Y,126,D,1.0,2.0,205.58775,-7.85
Y126C,Y,126,C,-1.0,1.0,259.68075,-9.55
Y126F,Y,126,F,,,1443.991,-82.94999999999999
Y126H,Y,126,H,-1.0,1.0,509.1535,-18.65
Y126N,Y,126,N,-1.0,1.0,196.753,-8.1
Y126S,Y,126,S,-1.0,1.0,226.3495,-9.2
S127T,S,127,T,1.0,3.0,313.81825000000003,-12.4
S127F,S,127,F,1.0,2.0,319.95775000000003,-10.5
S127C,S,127,C,1.0,3.0,176.67475000000002,-7.2
S127A,S,127,A,,,751.193,-57.75
S127Y,S,127,Y,1.0,3.0,281.8895,-9.75
S127P,S,127,P,1.0,3.0,149.6755,-6.6
P128A,P,128,A,,,1904.16975,-86.5
P128T,P,128,T,-1.0,1.0,1181.8609999999999,-81.35
P128S,P,128,S,-1.0,0.0,1507.1695,-83.30000000000001
P128R,P,128,R,-1.0,1.0,1138.8782500000002,-77.80000000000001
P128L,P,128,L,-1.0,2.0,953.8215,-65.5
P128H,P,128,H,,,1301.6399999999999,-77.44999999999999
A129V,A,129,V,-1.0,0.0,1604.14625,-96.65
A129T,A,129,T,-1.0,1.0,1733.65925,-109.35
A129S,A,129,S,-1.0,1.0,1482.837,-98.30000000000001
A129P,A,129,P,,,1243.83725,-78.8
A129G,A,129,G,-1.0,1.0,1193.83475,-82.05000000000001
A129D,A,129,D,0.0,1.0,1489.18725,-92.0
L130H,L,130,H,1.0,1.0,332.03675,-13.3
L130I,L,130,I,,,568.329,-36.4
L130F,L,130,F,-1.0,1.0,421.815,-18.0
L130V,L,130,V,-1.0,1.0,433.15425,-18.25
L130P,L,130,P,1.0,2.0,216.3245,-8.05
L130R,L,130,R,,,415.72125,-16.799999999999997
N131Y,N,131,Y,-1.0,1.0,252.75725,-8.85
N131T,N,131,T,,,491.3045,-26.299999999999997
N131S,N,131,S,-1.0,2.0,549.80725,-32.3
N131I,N,131,I,1.0,2.0,297.69775,-9.3
N131D,N,131,D,,,640.10925,-38.099999999999994
N131H,N,131,H,1.0,1.0,651.2985,-46.1
N131K,N,131,K,-1.0,3.0,589.3515,-35.0
K132N,K,132,N,1.0,3.0,188.91725000000002,-7.25
K132T,K,132,T,-1.0,1.0,249.91775,-7.05
K132R,K,132,R,1.0,2.0,321.0165,-10.1
K132Q,K,132,Q,-1.0,1.0,258.82075,-7.050000000000001
K132E,K,132,E,-1.0,1.0,23.241,-0.0
K132M,K,132,M,-1.0,1.0,310.1035,-8.35
M133I,M,133,I,-1.0,1.0,1550.2425,-97.0
M133L,M,133,L,,,1631.4015,-89.9
M133V,M,133,V,-1.0,1.0,1605.5812500000002,-98.05
M133T,M,133,T,1.0,2.0,420.15225,-18.799999999999997
M133K,M,133,K,-1.0,1.0,276.10749999999996,-10.45
M133R,M,133,R,-1.0,0.0,195.9755,-7.65
F134I,F,134,I,-1.0,1.0,248.83749999999998,-8.3
F134C,F,134,C,1.0,2.0,176.872,-7.800000000000001
F134L,F,134,L,-1.0,1.0,180.63925,-6.6
F134Y,F,134,Y,-1.0,1.0,825.57575,-61.349999999999994
F134S,F,134,S,-1.0,1.0,162.77675,-7.9
F134V,F,134,V,-1.0,1.0,241.1155,-7.55
C135G,C,135,G,1.0,3.0,379.711,-15.25
C135S,C,135,S,1.0,1.0,410.41949999999997,-17.95
C135R,C,135,R,1.0,2.0,220.95725,-7.95
C135W,C,135,W,-1.0,1.0,656.54925,-38.45
C135Y,C,135,Y,-1.0,1.0,169.7755,-6.550000000000001
C135F,C,135,F,1.0,2.0,233.548,-7.25
Q136P,Q,136,P,-1.0,1.0,311.93275,-13.35
Q136R,Q,136,R,,,1701.3975,-103.4
Q136L,Q,136,L,-1.0,1.0,572.2294999999999,-31.55
Q136K,Q,136,K,,,1631.9205,-95.5
Q136H,Q,136,H,-1.0,2.0,511.35175000000004,-19.05
Q136E,Q,136,E,-1.0,1.0,313.86625000000004,-11.3
L137R,L,137,R,,,1980.90925,-115.7
L137Q,L,137,Q,-1.0,1.0,1357.2765,-87.1
L137P,L,137,P,,,1426.9885,-87.25
L137M,L,137,M,,,654.47425,-36.7
L137V,L,137,V,-1.0,1.0,1120.56725,-78.15
A138T,A,138,T,-1.0,3.0,757.48675,-47.35
A138D,A,138,D,-1.0,3.0,746.70175,-47.8
A138G,A,138,G,-1.0,3.0,439.68925,-17.35
A138P,A,138,P,1.0,3.0,258.92175000000003,-8.05
A138S,A,138,S,,,1695.0949999999998,-97.55
A138V,A,138,V,1.0,3.0,1064.35825,-67.95
K139R,K,139,R,-1.0,1.0,1475.82575,-86.55000000000001
K139E,K,139,E,-1.0,2.0,1616.064,-100.4
K139M,K,139,M,,,706.587,-31.450000000000003
K139N,K,139,N,-1.0,2.0,504.29125,-18.5
K139T,K,139,T,-1.0,2.0,865.49325,-64.35
K139Q,K,139,Q,-1.0,2.0,751.684,-44.65
T140I,T,140,I,,,762.332,-37.5
T140S,T,140,S,-1.0,2.0,617.122,-24.55
T140A,T,140,A,-1.0,1.0,385.74525,-14.45
T140N,T,140,N,-1.0,1.0,808.92725,-54.0
T140P,T,140,P,,,1030.00875,-75.15
C141G,C,141,G,,,205.22725,-9.75
C141R,C,141,R,-1.0,1.0,193.074,-7.2
C141S,C,141,S,,,630.61225,-28.8
C141F,C,141,F,-1.0,1.0,622.4355,-46.9
C141Y,C,141,Y,1.0,2.0,251.43375,-8.05
C141W,C,141,W,1.0,2.0,382.345,-13.25
P142H,P,142,H,,,1785.0445,-109.95
P142R,P,142,R,,,907.99675,-62.150000000000006
P142S,P,142,S,-1.0,2.0,1056.6295,-45.55
P142T,P,142,T,-1.0,2.0,837.12,-43.2
P142L,P,142,L,-1.0,1.0,644.385,-38.75
P142A,P,142,A,-1.0,2.0,1178.8609999999999,-80.5
V143E,V,143,E,-1.0,0.0,201.87625,-7.300000000000001
V143G,V,143,G,1.0,2.0,286.50975,-13.2
V143L,V,143,L,-1.0,2.0,892.60575,-67.6
V143A,V,143,A,1.0,3.0,312.67875000000004,-11.05
V143M,V,143,M,1.0,2.0,189.94175,-7.5
Q144R,Q,144,R,-1.0,2.0,757.77225,-52.15
Q144P,Q,144,P,-1.0,1.0,377.46500000000003,-14.05
Q144L,Q,144,L,-1.0,3.0,806.0005,-54.6
Q144E,Q,144,E,,,1768.2062500000002,-89.95
Q144K,Q,144,K,,,1007.9259999999999,-60.2
Q144H,Q,144,H,-1.0,1.0,783.88225,-45.45
L145V,L,145,V,-1.0,1.0,2057.0005,-113.7
L145P,L,145,P,-1.0,1.0,332.18575,-9.95
L145Q,L,145,Q,-1.0,1.0,233.00825,-10.600000000000001
L145R,L,145,R,-1.0,1.0,280.7695,-8.6
L145M,L,145,M,,,1796.0605,-100.94999999999999
W146G,W,146,G,-1.0,3.0,273.17925,-7.1499999999999995
W146L,W,146,L,,,1425.6805,-79.55000000000001
W146R,W,146,R,-1.0,1.0,1397.2752500000001,-85.05000000000001
W146C,W,146,C,-1.0,2.0,1182.101,-62.449999999999996
W146S,W,146,S,,,747.8520000000001,-47.8
V147L,V,147,L,,,483.04125,-20.6
V147D,V,147,D,-1.0,1.0,230.22725000000003,-8.55
V147F,V,147,F,,,1871.1664999999998,-95.2
V147G,V,147,G,1.0,2.0,227.692,-9.2
V147I,V,147,I,-1.0,1.0,840.19625,-60.25
V147A,V,147,A,-1.0,2.0,605.782,-33.05
D148V,D,148,V,-1.0,0.0,724.375,-42.0
D148Y,D,148,Y,-1.0,1.0,1442.09175,-71.65
D148H,D,148,H,,,1653.6875,-78.35
D148A,D,148,A,-1.0,1.0,1434.542,-80.1
D148E,D,148,E,-1.0,1.0,1585.88625,-90.75
D148G,D,148,G,,,856.0564999999999,-54.35
D148N,D,148,N,-1.0,1.0,1458.31025,-91.19999999999999
S149T,S,149,T,,,1833.05375,-103.0
S149C,S,149,C,-1.0,1.0,1632.9029999999998,-71.9
S149F,S,149,F,-1.0,2.0,1433.22725,-72.15
S149P,S,149,P,-1.0,2.0,876.64,-60.1
S149Y,S,149,Y,-1.0,1.0,1423.76675,-77.05
S149A,S,149,A,,,1779.75325,-86.75
T150S,T,150,S,,,1344.9944999999998,-77.80000000000001
T150R,T,150,R,,,1927.6115,-92.35
T150P,T,150,P,,,1523.38825,-89.6
T150K,T,150,K,,,1366.56925,-88.25
T150I,T,150,I,-1.0,1.0,1490.193,-85.95
T150A,T,150,A,,,1549.83375,-82.4
P151A,P,151,A,1.0,2.0,184.36775,-6.55
P151H,P,151,H,-1.0,1.0,218.42874999999998,-7.75
P151L,P,151,L,,,648.35275,-39.349999999999994
P151R,P,151,R,1.0,2.0,187.34,-6.65
P151S,P,151,S,1.0,2.0,141.7525,-5.2
P151T,P,151,T,1.0,2.0,394.21299999999997,-15.55
P152T,P,152,T,-1.0,0.0,375.46574999999996,-15.6
P152S,P,152,S,-1.0,1.0,406.98075,-14.95
P152R,P,152,R,1.0,2.0,384.4445,-14.4
P152Q,P,152,Q,-1.0,2.0,396.87725,-15.7
P152A,P,152,A,-1.0,1.0,435.50874999999996,-17.95
P152L,P,152,L,1.0,3.0,358.69325000000003,-16.049999999999997
P153T,P,153,T,,,890.229,-61.9
P153L,P,153,L,-1.0,1.0,1115.43575,-65.44999999999999
P153R,P,153,R,,,1152.93925,-71.9
P153S,P,153,S,-1.0,1.0,1190.923,-66.25
P153A,P,153,A,-1.0,0.0,1398.30025,-82.15
P153H,P,153,H,,,974.1790000000001,-61.849999999999994
G154A,G,154,A,-1.0,1.0,598.9110000000001,-26.2
G154R,G,154,R,-1.0,3.0,510.122,-25.799999999999997
G154S,G,154,S,-1.0,2.0,565.43725,-22.8
G154V,G,154,V,-1.0,1.0,267.65275,-11.45
G154C,G,154,C,-1.0,2.0,536.2685,-22.2
G154D,G,154,D,-1.0,3.0,972.1015,-66.5
T155S,T,155,S,-1.0,1.0,1529.865,-84.4
T155P,T,155,P,-1.0,1.0,198.81575,-8.7
T155N,T,155,N,1.0,2.0,217.878,-9.0
T155I,T,155,I,-1.0,1.0,406.30075,-15.55
T155A,T,155,A,-1.0,1.0,1369.26075,-75.19999999999999
R156G,R,156,G,-1.0,1.0,300.762,-13.1
R156H,R,156,H,-1.0,3.0,843.85575,-52.650000000000006
R156L,R,156,L,,,1269.1552499999998,-77.85
R156P,R,156,P,1.0,2.0,201.911,-7.199999999999999
R156S,R,156,S,-1.0,1.0,688.19625,-41.1
R156C,R,156,C,-1.0,1.0,886.1324999999999,-62.7
V157A,V,157,A,-1.0,1.0,312.711,-12.350000000000001
V157L,V,157,L,-1.0,1.0,450.26675,-18.1
V157I,V,157,I,0.0,3.0,1150.12275,-74.65
V157G,V,157,G,1.0,2.0,182.43225,-7.65
V157F,V,157,F,1.0,2.0,239.1675,-10.95
V157D,V,157,D,-1.0,1.0,216.176,-7.65
R158H,R,158,H,1.0,2.0,489.5365,-19.35
R158G,R,158,G,1.0,2.0,295.39025000000004,-11.9
R158C,R,158,C,-1.0,3.0,634.02,-27.9
R158P,R,158,P,1.0,3.0,209.58375,-7.2
R158S,R,158,S,1.0,1.0,434.6825,-12.950000000000001
R158L,R,158,L,1.0,3.0,378.26225,-14.4
A159G,A,159,G,,,465.38625,-20.200000000000003
A159D,A,159,D,1.0,2.0,193.1595,-7.45
A159P,A,159,P,-1.0,1.0,211.07475,-7.65
A159S,A,159,S,,,1146.26,-67.85
A159T,A,159,T,-1.0,1.0,1937.056,-116.65
A159V,A,159,V,1.0,2.0,406.87424999999996,-16.25
M160K,M,160,K,,,474.496,-25.15
M160I,M,160,I,0.0,3.0,829.9325,-53.6
M160L,M,160,L,,,1514.7215,-78.65
M160R,M,160,R,,,542.84825,-33.4
M160T,M,160,T,-1.0,1.0,1578.09725,-91.5
M160V,M,160,V,-1.0,1.0,1554.88125,-93.05000000000001
A161V,A,161,V,-1.0,2.0,741.56675,-38.099999999999994
A161T,A,161,T,1.0,2.0,442.681,-21.6
A161S,A,161,S,,,524.78525,-20.55
A161P,A,161,P,-1.0,0.0,538.3435,-23.25
A161G,A,161,G,-1.0,1.0,544.09275,-25.45
A161D,A,161,D,-1.0,1.0,36.7695,-0.0
I162F,I,162,F,-1.0,1.0,457.54549999999995,-16.0
I162L,I,162,L,,,1154.6145,-67.05
I162M,I,162,M,,,988.7697499999999,-66.0
I162N,I,162,N,-1.0,1.0,84.9195,-0.0
I162S,I,162,S,-1.0,1.0,407.84775,-17.0
I162T,I,162,T,-1.0,1.0,484.673,-19.950000000000003
I162V,I,162,V,-1.0,1.0,1135.0902500000002,-71.05000000000001
Y163S,Y,163,S,-1.0,1.0,205.75625000000002,-5.949999999999999
Y163N,Y,163,N,-1.0,1.0,188.14774999999997,-7.449999999999999
Y163F,Y,163,F,,,1568.179,-92.2
Y163D,Y,163,D,-1.0,1.0,179.38025,-7.0
Y163C,Y,163,C,1.0,3.0,223.69575,-5.6
Y163H,Y,163,H,1.0,3.0,220.8415,-10.2
K164Q,K,164,Q,-1.0,0.0,676.133,-33.099999999999994
K164T,K,164,T,,,723.24725,-39.900000000000006
K164R,K,164,R,,,834.9775,-53.75
K164M,K,164,M,,,567.762,-23.35
K164E,K,164,E,1.0,3.0,351.14925,-10.65
K164N,K,164,N,-1.0,1.0,518.0005,-23.3
Q165E,Q,165,E,-1.0,1.0,983.3922500000001,-77.69999999999999
Q165H,Q,165,H,,,1454.2585,-89.85
Q165K,Q,165,K,-1.0,1.0,1041.24925,-70.35
Q165L,Q,165,L,1.0,0.0,747.5805,-55.2
Q165P,Q,165,P,,,770.3992499999999,-50.85
Q165R,Q,165,R,,,922.79575,-67.45
S166L,S,166,L,-1.0,2.0,1018.51625,-62.5
S166P,S,166,P,,,1412.214,-87.6
S166A,S,166,A,-1.0,0.0,1285.316,-83.4
S166T,S,166,T,0.0,1.0,1214.1175,-90.7
Q167R,Q,167,R,-1.0,1.0,893.33025,-60.25
Q167P,Q,167,P,-1.0,2.0,831.5975,-61.5
Q167K,Q,167,K,-1.0,2.0,931.761,-63.3
Q167H,Q,167,H,,,1065.9137500000002,-68.45
Q167E,Q,167,E,,,984.93175,-78.1
Q167L,Q,167,L,,,494.69375,-25.75
H168R,H,168,R,-1.0,1.0,401.4805,-16.95
H168Q,H,168,Q,-1.0,1.0,530.188,-25.5
H168P,H,168,P,1.0,1.0,334.326,-14.3
H168N,H,168,N,-1.0,0.0,660.88975,-37.2
H168L,H,168,L,1.0,1.0,425.4095,-16.05
H168D,H,168,D,,,665.1679999999999,-31.5
H168Y,H,168,Y,-1.0,1.0,1594.96675,-93.4
M169T,M,169,T,,,1104.7240000000002,-76.4
M169I,M,169,I,-1.0,2.0,711.5905,-46.35
M169K,M,169,K,,,904.6234999999999,-62.55
M169L,M,169,L,-1.0,1.0,724.57725,-48.900000000000006
M169V,M,169,V,-1.0,2.0,1110.3290000000002,-68.55
M169R,M,169,R,-1.0,1.0,1324.7127500000001,-88.25
T170K,T,170,K,,,750.71575,-43.15
T170M,T,170,M,0.0,3.0,1024.0855000000001,-68.4
T170R,T,170,R,-1.0,2.0,783.23375,-48.900000000000006
T170S,T,170,S,-1.0,1.0,975.0515,-59.05
T170P,T,170,P,,,665.6667500000001,-39.6
T170A,T,170,A,-1.0,2.0,708.9155,-47.05
E171D,E,171,D,1.0,0.0,940.4875,-64.44999999999999
E171V,E,171,V,,,559.4185,-29.5
E171Q,E,171,Q,,,580.895,-40.75
E171K,E,171,K,0.0,3.0,1285.83125,-80.35
E171G,E,171,G,1.0,1.0,112.3945,-0.0
E171A,E,171,A,,,1123.8115,-72.5
V172L,V,172,L,,,721.01675,-51.55
V172F,V,172,F,-1.0,1.0,390.85775,-18.6
V172I,V,172,I,-1.0,2.0,1435.47275,-91.5
V172G,V,172,G,-1.0,1.0,409.744,-15.600000000000001
V172D,V,172,D,-1.0,1.0,258.4285,-8.95
V172A,V,172,A,-1.0,1.0,1124.7107500000002,-89.85
V173A,V,173,A,1.0,2.0,402.885,-22.0
V173M,V,173,M,1.0,3.0,152.3875,-7.7
V173G,V,173,G,-1.0,1.0,59.71075,-0.0
V173E,V,173,E,-1.0,1.0,157.80975,-7.4
V173L,V,173,L,1.0,2.0,99.04249999999999,-0.0
R174W,R,174,W,-1.0,1.0,406.594,-19.5
R174T,R,174,T,,,1036.5215,-65.75
R174S,R,174,S,-1.0,2.0,746.251,-50.599999999999994
R174K,R,174,K,-1.0,1.0,1711.203,-101.94999999999999
R174G,R,174,G,-1.0,2.0,629.04325,-25.1
R174M,R,174,M,,,568.605,-39.4
R175C,R,175,C,-1.0,3.0,1245.1095,-72.5
R175G,R,175,G,1.0,3.0,196.094,-8.600000000000001
R175L,R,175,L,1.0,3.0,652.91125,-38.9
R175H,R,175,H,1.0,3.0,244.79025,-9.15
R175P,R,175,P,,,693.0617500000001,-19.55
R175S,R,175,S,-1.0,1.0,873.32575,-51.599999999999994
C176F,C,176,F,1.0,2.0,646.854,-23.65
C176G,C,176,G,-1.0,1.0,377.67925,-12.85
C176R,C,176,R,-1.0,1.0,172.287,-7.550000000000001
C176S,C,176,S,-1.0,1.0,181.74275,-6.65
C176W,C,176,W,-1.0,1.0,256.2175,-8.8
C176Y,C,176,Y,1.0,2.0,447.14300000000003,-13.2
P177T,P,177,T,-1.0,2.0,622.68875,-21.4
P177S,P,177,S,-1.0,2.0,748.64675,-26.9
P177R,P,177,R,1.0,2.0,439.021,-11.95
P177L,P,177,L,-1.0,1.0,395.9845,-13.45
P177H,P,177,H,-1.0,2.0,764.7507499999999,-46.55
P177A,P,177,A,-1.0,1.0,590.369,-37.8
H178D,H,178,D,1.0,3.0,247.869,-7.55
H178Y,H,178,Y,,,722.5517500000001,-43.75
H178L,H,178,L,,,687.489,-46.25
H178N,H,178,N,-1.0,2.0,496.69375,-26.1
H178P,H,178,P,-1.0,1.0,234.56225,-7.05
H178Q,H,178,Q,1.0,2.0,470.45875,-16.450000000000003
H178R,H,178,R,-1.0,2.0,576.907,-27.3
H179Y,H,179,Y,1.0,2.0,505.74649999999997,-21.95
H179L,H,179,L,-1.0,1.0,536.95,-21.950000000000003
H179D,H,179,D,1.0,2.0,528.7372499999999,-22.299999999999997
H179P,H,179,P,-1.0,1.0,567.087,-27.95
H179Q,H,179,Q,1.0,3.0,449.04274999999996,-16.799999999999997
H179R,H,179,R,1.0,2.0,491.473,-19.25
H179N,H,179,N,-1.0,1.0,454.71675,-23.75
E180V,E,180,V,,,868.58725,-69.0
E180Q,E,180,Q,,,750.36475,-56.5
E180A,E,180,A,,,640.4047499999999,-47.2
E180D,E,180,D,-1.0,2.0,708.2082499999999,-51.15
E180G,E,180,G,,,741.671,-49.4
E180K,E,180,K,1.0,3.0,557.995,-22.75
R181S,R,181,S,-1.0,3.0,580.8802499999999,-37.650000000000006
R181P,R,181,P,1.0,2.0,351.10024999999996,-14.2
R181L,R,181,L,-1.0,1.0,874.904,-67.15
R181C,R,181,C,1.0,3.0,683.345,-32.4
R181G,R,181,G,,,621.931,-34.400000000000006
R181H,R,181,H,1.0,2.0,736.91,-42.15
C182F,C,182,F,,,1712.6925,-103.44999999999999
C182G,C,182,G,-1.0,1.0,667.1345,-44.75
C182W,C,182,W,-1.0,2.0,1168.529,-76.35
C182R,C,182,R,-1.0,1.0,1126.0785,-73.25
C182S,C,182,S,-1.0,1.0,1182.52125,-75.55
C182Y,C,182,Y,,,742.72675,-51.5
S183T,S,183,T,,,1288.18475,-88.19999999999999
S183L,S,183,L,-1.0,1.0,1445.1390000000001,-94.3
S183P,S,183,P,0.0,1.0,1485.4005,-102.25
S183A,S,183,A,,,1186.5520000000001,-79.25
D184N,D,184,N,,,813.33725,-61.45
D184G,D,184,G,-1.0,1.0,1296.8867500000001,-86.2
D184H,D,184,H,-1.0,1.0,1017.1645000000001,-71.05
D184V,D,184,V,,,1261.4505,-93.4
D184Y,D,184,Y,,,1484.19675,-93.1
D184A,D,184,A,,,1483.08275,-93.5
D184E,D,184,E,,,1090.0192499999998,-73.75
S185G,S,185,G,,,818.2180000000001,-58.75
S185I,S,185,I,-1.0,1.0,1200.295,-81.94999999999999
S185N,S,185,N,0.0,3.0,1674.7745,-98.6
S185T,S,185,T,,,1316.591,-87.2
S185C,S,185,C,,,978.3050000000001,-68.6
S185R,S,185,R,0.0,1.0,1298.228,-94.05000000000001
D186E,D,186,E,0.0,2.0,1207.0407500000001,-81.75
D186G,D,186,G,,,1281.0810000000001,-89.35
D186H,D,186,H,,,953.0654999999999,-73.0
D186V,D,186,V,,,1333.1012500000002,-85.44999999999999
D186Y,D,186,Y,,,1024.3285,-74.8
D186N,D,186,N,0.0,3.0,1338.05575,-92.15
D186A,D,186,A,,,1185.675,-82.95
G187V,G,187,V,-1.0,1.0,1055.69975,-72.7
G187S,G,187,S,-1.0,1.0,1081.0007500000002,-78.7
G187R,G,187,R,-1.0,1.0,1062.5395,-77.69999999999999
G187D,G,187,D,-1.0,2.0,818.54475,-58.95
G187A,G,187,A,-1.0,2.0,793.1220000000001,-63.3
G187C,G,187,C,,,1016.9224999999999,-70.95
L188V,L,188,V,-1.0,1.0,1477.31275,-95.3
L188R,L,188,R,,,918.64175,-67.6
L188P,L,188,P,-1.0,1.0,938.5755,-65.05
L188Q,L,188,Q,,,795.48725,-61.0
L188M,L,188,M,,,901.8145,-73.3
A189D,A,189,D,-1.0,1.0,510.969,-26.45
A189G,A,189,G,-1.0,1.0,716.1155,-47.65
A189V,A,189,V,-1.0,1.0,1286.09925,-83.5
A189T,A,189,T,-1.0,1.0,700.4594999999999,-35.75
A189S,A,189,S,-1.0,2.0,652.4590000000001,-44.6
A189P,A,189,P,,,624.30075,-41.1
P190T,P,190,T,-1.0,2.0,644.56875,-39.45
P190S,P,190,S,-1.0,2.0,653.9412500000001,-32.0
P190R,P,190,R,-1.0,1.0,662.44625,-34.7
P190L,P,190,L,1.0,3.0,472.592,-25.299999999999997
P190H,P,190,H,,,754.7055,-50.849999999999994
P190A,P,190,A,-1.0,1.0,627.6157499999999,-26.25
P191A,P,191,A,,,1664.4425,-104.3
P191T,P,191,T,,,1146.434,-80.95
P191S,P,191,S,-1.0,1.0,1470.29975,-90.6
P191R,P,191,R,0.0,3.0,1602.73225,-101.7
P191H,P,191,H,-1.0,2.0,779.3187499999999,-62.95
P191L,P,191,L,-1.0,1.0,885.946,-66.05
Q192K,Q,192,K,,,1379.291,-89.45
Q192E,Q,192,E,-1.0,2.0,1799.4345,-107.5
Q192H,Q,192,H,-1.0,2.0,1987.25225,-118.30000000000001
Q192L,Q,192,L,,,1008.678,-77.6
Q192P,Q,192,P,-1.0,1.0,1095.7849999999999,-77.55
Q192R,Q,192,R,-1.0,1.0,1356.835,-88.69999999999999
H193Y,H,193,Y,1.0,2.0,408.03125,-15.55
H193P,H,193,P,1.0,3.0,293.33525,-11.75
H193R,H,193,R,1.0,2.0,259.78675,-8.65
H193Q,H,193,Q,-1.0,1.0,615.058,-35.55
H193N,H,193,N,1.0,2.0,402.29525,-14.549999999999999
H193L,H,193,L,-1.0,1.0,249.543,-9.0
H193D,H,193,D,-1.0,1.0,334.81725,-11.3
L194V,L,194,V,,,1754.24225,-103.85
L194F,L,194,F,1.0,2.0,472.86675,-11.95
L194R,L,194,R,1.0,3.0,257.20225,-9.95
L194I,L,194,I,,,2032.88625,-124.3
L194P,L,194,P,-1.0,1.0,128.873,-3.45
L194H,L,194,H,-1.0,1.0,240.59525,-8.55
I195F,I,195,F,-1.0,1.0,291.581,-10.100000000000001
I195L,I,195,L,,,1348.3137499999998,-82.0
I195M,I,195,M,-1.0,2.0,1053.6,-73.7
I195N,I,195,N,-1.0,1.0,297.07975,-10.05
I195T,I,195,T,1.0,2.0,366.906,-11.350000000000001
I195S,I,195,S,-1.0,1.0,250.02475,-9.5
I195V,I,195,V,,,1135.86175,-78.55
R196G,R,196,G,-1.0,1.0,583.2592500000001,-23.0
R196P,R,196,P,1.0,2.0,266.12125000000003,-9.600000000000001
R196Q,R,196,Q,-1.0,3.0,835.4327499999999,-55.650000000000006
R196L,R,196,L,-1.0,1.0,642.4645,-38.4
V197M,V,197,M,1.0,3.0,488.03675,-30.6
V197L,V,197,L,-1.0,2.0,548.7915,-25.75
V197G,V,197,G,-1.0,2.0,383.40075,-14.4
V197E,V,197,E,-1.0,2.0,347.50874999999996,-10.65
V197A,V,197,A,-1.0,1.0,1151.93975,-81.75
E198G,E,198,G,-1.0,2.0,754.9525,-67.8
E198K,E,198,K,,,1560.70075,-97.6
E198Q,E,198,Q,,,1941.12525,-115.1
E198V,E,198,V,,,1962.784,-108.3
E198D,E,198,D,,,667.92625,-36.849999999999994
E198A,E,198,A,,,1755.3384999999998,-98.30000000000001
G199E,G,199,E,-1.0,2.0,533.7225,-19.35
G199R,G,199,R,-1.0,2.0,1426.9735,-92.55000000000001
G199V,G,199,V,1.0,1.0,127.387,-1.95
G199A,G,199,A,,,1097.04025,-74.9
N200T,N,200,T,,,1370.1239999999998,-86.95
N200S,N,200,S,-1.0,1.0,1321.09225,-80.94999999999999
N200K,N,200,K,,,549.40975,-33.35
N200H,N,200,H,-1.0,1.0,1213.5117500000001,-85.55
N200D,N,200,D,-1.0,2.0,27.9595,-0.0
N200Y,N,200,Y,-1.0,1.0,429.57275000000004,-17.6
N200I,N,200,I,,,633.6165000000001,-44.099999999999994
L201M,L,201,M,-1.0,1.0,1582.5929999999998,-94.1
L201S,L,201,S,,,1775.7067499999998,-102.85
L201W,L,201,W,,,1885.0259999999998,-116.05
L201F,L,201,F,,,1763.3025,-100.85
L201V,L,201,V,,,1484.962,-97.8
R202C,R,202,C,-1.0,1.0,1204.4182500000002,-83.55
R202G,R,202,G,-1.0,1.0,1563.421,-93.80000000000001
R202H,R,202,H,-1.0,1.0,1413.3899999999999,-88.6
R202L,R,202,L,-1.0,2.0,46.32775,-0.0
R202P,R,202,P,-1.0,1.0,820.398,-68.55
R202S,R,202,S,,,1700.2597500000002,-99.0
V203E,V,203,E,-1.0,1.0,487.928,-24.95
V203A,V,203,A,,,1945.93325,-109.0
V203G,V,203,G,,,965.7302500000001,-69.05
V203L,V,203,L,-1.0,2.0,515.8697500000001,-26.45
V203M,V,203,M,-1.0,3.0,621.38725,-41.35
E204V,E,204,V,-1.0,1.0,1316.29625,-89.15
E204A,E,204,A,,,1348.2095,-84.15
E204D,E,204,D,0.0,1.0,1225.2842500000002,-80.5
E204G,E,204,G,-1.0,1.0,617.0835,-36.35
E204K,E,204,K,,,1515.68175,-89.9
E204Q,E,204,Q,,,1818.6925,-107.3
Y205H,Y,205,H,1.0,2.0,386.736,-14.8
Y205C,Y,205,C,1.0,2.0,257.19875,-8.25
Y205D,Y,205,D,1.0,2.0,219.91725,-9.3
Y205F,Y,205,F,-1.0,1.0,356.87925,-13.8
Y205S,Y,205,S,-1.0,1.0,231.339,-9.15
Y205N,Y,205,N,-1.0,1.0,226.1365,-9.35
L206W,L,206,W,-1.0,1.0,2233.2872500000003,-147.7
L206V,L,206,V,,,1835.239,-105.55
L206S,L,206,S,-1.0,1.0,2269.0280000000002,-160.25
L206M,L,206,M,,,2014.5535,-111.1
L206F,L,206,F,-1.0,1.0,521.88925,-39.650000000000006
D207E,D,207,E,0.0,1.0,2241.848,-150.4
D207H,D,207,H,-1.0,1.0,2163.9094999999998,-125.3
D207V,D,207,V,,,2258.9804999999997,-135.85
D207Y,D,207,Y,,,2260.5012500000003,-123.25
D207N,D,207,N,-1.0,1.0,2243.3265,-128.15
D207A,D,207,A,,,2268.68025,-130.0
D207G,D,207,G,-1.0,1.0,738.58225,-48.75
D208E,D,208,E,-1.0,1.0,691.92975,-54.25
D208G,D,208,G,-1.0,2.0,1854.911,-109.19999999999999
D208H,D,208,H,-1.0,2.0,1156.5545000000002,-74.35
D208N,D,208,N,-1.0,1.0,1765.2365,-83.1
D208V,D,208,V,-1.0,1.0,189.69625000000002,-7.449999999999999
D208A,D,208,A,-1.0,1.0,394.279,-19.25
D208Y,D,208,Y,-1.0,1.0,370.2915,-7.65
R209G,R,209,G,-1.0,1.0,2160.2977499999997,-139.64999999999998
R209I,R,209,I,,,2071.5385,-120.05000000000001
R209K,R,209,K,0.0,3.0,2271.4645,-129.7
R209S,R,209,S,-1.0,1.0,1794.355,-106.69999999999999
R209T,R,209,T,,,110.55625,-0.0
N210Y,N,210,Y,-1.0,1.0,2208.42225,-143.45
N210T,N,210,T,,,2181.14925,-127.75
N210S,N,210,S,0.0,1.0,2211.657,-138.65
N210I,N,210,I,,,2201.20025,-132.39999999999998
N210K,N,210,K,,,2091.1765,-106.69999999999999
N210D,N,210,D,,,1800.8625,-108.8
N210H,N,210,H,,,2127.26775,-130.55
T211A,T,211,A,-1.0,2.0,460.11249999999995,-23.35
T211I,T,211,I,-1.0,1.0,441.79200000000003,-21.15
T211S,T,211,S,-1.0,1.0,1996.54225,-126.60000000000001
T211P,T,211,P,-1.0,1.0,328.11875,-14.5
T211N,T,211,N,,,2110.93025,-120.9
F212C,F,212,C,,,532.74325,-29.25
F212I,F,212,I,-1.0,3.0,333.56425,-10.5
F212S,F,212,S,0.0,1.0,2020.25225,-127.65
F212L,F,212,L,,,2035.79875,-117.75
F212Y,F,212,Y,,,1903.25675,-109.35
F212V,F,212,V,,,428.37649999999996,-25.55
R213Q,R,213,Q,1.0,2.0,103.28875,-0.0
R213P,R,213,P,1.0,2.0,212.752,-2.95
R213L,R,213,L,-1.0,1.0,86.0025,-0.0
R213G,R,213,G,-1.0,1.0,318.61675,-2.6
H214Y,H,214,Y,-1.0,3.0,454.93600000000004,-20.9
H214D,H,214,D,,,328.18399999999997,-17.9
H214N,H,214,N,-1.0,2.0,670.6492499999999,-50.900000000000006
H214P,H,214,P,-1.0,2.0,2186.0615,-135.15
H214Q,H,214,Q,-1.0,1.0,1981.0610000000001,-102.75
H214R,H,214,R,1.0,3.0,222.3595,-8.25
H214L,H,214,L,1.0,3.0,470.49125000000004,-14.05
S215T,S,215,T,-1.0,1.0,558.30675,-32.75
S215R,S,215,R,-1.0,1.0,105.50625,-1.2
S215N,S,215,N,-1.0,1.0,288.0745,-14.100000000000001
S215I,S,215,I,-1.0,1.0,408.5785,-15.85
S215G,S,215,G,-1.0,1.0,207.1515,-9.600000000000001
S215C,S,215,C,-1.0,2.0,792.56525,-62.3
V216A,V,216,A,,,865.20475,-66.0
V216M,V,216,M,1.0,2.0,94.92075,-1.15
V216L,V,216,L,-1.0,1.0,154.02475,-6.65
V216G,V,216,G,-1.0,1.0,69.75425,-0.0
V216E,V,216,E,-1.0,2.0,355.42525,-10.0
V217E,V,217,E,,,2251.1945,-141.3
V217G,V,217,G,,,263.99875,-11.3
V217L,V,217,L,-1.0,1.0,1321.145,-94.25
V217A,V,217,A,,,1729.61025,-107.2
V217M,V,217,M,-1.0,1.0,2011.595,-115.95
V218A,V,218,A,,,1830.01025,-114.5
V218E,V,218,E,1.0,2.0,234.81675,-11.1
V218G,V,218,G,-1.0,1.0,1976.12525,-123.15
V218M,V,218,M,-1.0,1.0,101.92699999999999,-0.3
V218L,V,218,L,,,1547.7640000000001,-105.94999999999999
P219A,P,219,A,-1.0,1.0,865.7475,-69.35
P219H,P,219,H,,,380.30575,-15.25
P219R,P,219,R,-1.0,1.0,76.321,-0.0
P219S,P,219,S,-1.0,1.0,407.3445,-16.7
P219T,P,219,T,-1.0,1.0,118.25325,-0.4
P219L,P,219,L,-1.0,3.0,394.39700000000005,-16.85
Y220C,Y,220,C,1.0,3.0,166.82825,-2.25
Y220S,Y,220,S,1.0,2.0,81.5255,-0.0
Y220N,Y,220,N,-1.0,1.0,54.63125,-0.0
Y220H,Y,220,H,1.0,2.0,127.94275,-1.35
Y220F,Y,220,F,0.0,1.0,2177.752,-136.5
Y220D,Y,220,D,-1.0,1.0,100.41525,-0.5
E221V,E,221,V,,,2248.45575,-187.1
E221A,E,221,A,-1.0,1.0,1543.20325,-111.1
E221Q,E,221,Q,,,2198.2045,-139.9
E221K,E,221,K,-1.0,2.0,2205.0555,-141.05
E221G,E,221,G,,,609.5419999999999,-41.35
E221D,E,221,D,,,2304.875,-214.1
P222A,P,222,A,,,2259.77575,-150.0
P222L,P,222,L,-1.0,1.0,1567.3114999999998,-102.85
P222Q,P,222,Q,-1.0,1.0,2236.5915,-158.89999999999998
P222R,P,222,R,,,2258.4134999999997,-154.45
P222S,P,222,S,-1.0,1.0,2259.614,-145.25
P222T,P,222,T,,,2250.349,-158.45
P223H,P,223,H,,,291.42949999999996,-13.399999999999999
P223L,P,223,L,-1.0,2.0,555.16075,-29.4
P223R,P,223,R,,,535.1645000000001,-31.5
P223S,P,223,S,,,736.4772499999999,-51.1
P223T,P,223,T,,,603.392,-33.15
P223A,P,223,A,,,852.3652500000001,-63.8
E224A,E,224,A,-1.0,2.0,1904.94175,-107.44999999999999
E224D,E,224,D,-1.0,1.0,1814.23625,-108.8
E224G,E,224,G,-1.0,2.0,1789.60225,-96.6
E224K,E,224,K,-1.0,2.0,763.082,-40.55
E224Q,E,224,Q,,,1873.5785,-102.30000000000001
E224V,E,224,V,,,1771.38025,-98.80000000000001
V225I,V,225,I,-1.0,1.0,1855.60825,-91.65
V225G,V,225,G,,,2277.6225,-149.39999999999998
V225F,V,225,F,-1.0,1.0,2065.51325,-110.80000000000001
V225D,V,225,D,-1.0,1.0,2288.83325,-150.8
V225A,V,225,A,,,2298.681,-151.14999999999998
V225L,V,225,L,,,1818.129,-88.75
G226C,G,226,C,,,1093.5505,-83.25
G226A,G,226,A,-1.0,2.0,1734.3875,-105.2
G226D,G,226,D,,,2229.0205,-120.1
G226R,G,226,R,,,1668.7892499999998,-100.55
G226S,G,226,S,-1.0,2.0,2100.7072500000004,-109.5
G226V,G,226,V,-1.0,1.0,1718.838,-102.75
S227T,S,227,T,,,1551.8964999999998,-93.75
S227P,S,227,P,,,554.637,-24.85
S227F,S,227,F,-1.0,1.0,607.2964999999999,-33.2
S227C,S,227,C,,,1739.84925,-106.85
S227A,S,227,A,,,2290.19825,-156.89999999999998
S227Y,S,227,Y,,,719.7745,-41.95
D228N,D,228,N,-1.0,2.0,739.37325,-40.65
D228V,D,228,V,,,1281.068,-84.75
D228Y,D,228,Y,0.0,1.0,1441.08,-101.69999999999999
D228A,D,228,A,,,1281.14075,-79.8
D228H,D,228,H,,,1325.612,-87.55
D228G,D,228,G,,,1351.7565,-78.7
D228E,D,228,E,-1.0,1.0,1355.86175,-86.1
C229Y,C,229,Y,-1.0,1.0,1227.916,-69.25
C229W,C,229,W,,,887.6545000000001,-63.95
C229S,C,229,S,-1.0,1.0,1036.14025,-67.9
C229R,C,229,R,-1.0,1.0,564.0854999999999,-30.65
C229G,C,229,G,-1.0,2.0,715.09975,-51.65
C229F,C,229,F,,,1985.5625,-117.65
T230A,T,230,A,-1.0,2.0,1057.2469999999998,-69.69999999999999
T230I,T,230,I,-1.0,1.0,1950.29575,-94.45
T230N,T,230,N,,,689.71725,-42.0
T230P,T,230,P,-1.0,0.0,526.1985,-30.75
T230S,T,230,S,,,876.9649999999999,-62.85
T231N,T,231,N,,,661.9345,-47.55
T231P,T,231,P,,,371.15875,-12.350000000000001
T231S,T,231,S,-1.0,2.0,654.4275,-50.5
T231A,T,231,A,-1.0,2.0,638.6535,-48.349999999999994
T231I,T,231,I,-1.0,2.0,1971.4582500000001,-103.6
I232N,I,232,N,1.0,2.0,121.2765,-1.0
I232M,I,232,M,,,986.1365000000001,-68.5
I232L,I,232,L,-1.0,1.0,124.4965,-0.0
I232S,I,232,S,1.0,1.0,79.725,-0.0
I232F,I,232,F,-1.0,1.0,392.06725,-13.75
I232T,I,232,T,1.0,2.0,154.84275000000002,-4.6
I232V,I,232,V,,,2231.83025,-119.85
H233D,H,233,D,,,508.61175000000003,-0.6
H233L,H,233,L,,,2238.9440000000004,-149.25
H233N,H,233,N,,,988.265,-59.650000000000006
H233P,H,233,P,,,2089.98275,-120.25
H233Q,H,233,Q,,,920.22375,-52.4
H233Y,H,233,Y,,,2084.915,-123.0
H233R,H,233,R,-1.0,1.0,1316.06975,-93.85
Y234C,Y,234,C,1.0,2.0,204.41275000000002,-10.55
Y234S,Y,234,S,-1.0,1.0,119.0195,-0.8
Y234N,Y,234,N,1.0,2.0,71.71375,-0.0
Y234H,Y,234,H,1.0,2.0,98.34700000000001,-0.1
Y234F,Y,234,F,,,2161.23625,-135.35
Y234D,Y,234,D,1.0,2.0,319.32425,-12.8
N235Y,N,235,Y,-1.0,1.0,846.12825,-35.75
N235S,N,235,S,0.0,3.0,1991.379,-123.2
N235K,N,235,K,,,2275.15375,-136.3
N235I,N,235,I,-1.0,2.0,943.575,-70.9
N235H,N,235,H,,,893.2705,-75.55000000000001
N235D,N,235,D,-1.0,1.0,582.5435,-37.6
N235T,N,235,T,,,1886.325,-113.65
Y236F,Y,236,F,,,2216.621,-129.8
Y236C,Y,236,C,1.0,2.0,139.24200000000002,-0.45
Y236S,Y,236,S,-1.0,1.0,337.32375,-13.55
Y236D,Y,236,D,-1.0,1.0,146.31275,-3.1
Y236H,Y,236,H,1.0,2.0,370.906,-11.899999999999999
Y236N,Y,236,N,-1.0,1.0,2245.4967500000002,-126.3
M237R,M,237,R,-1.0,2.0,696.438,-50.349999999999994
M237L,M,237,L,-1.0,1.0,624.595,-40.6
M237K,M,237,K,1.0,2.0,403.16724999999997,-17.4
M237T,M,237,T,-1.0,2.0,668.2407499999999,-51.15
M237I,M,237,I,1.0,3.0,121.79175000000001,-0.35
M237V,M,237,V,-1.0,1.0,579.83475,-28.1
C238W,C,238,W,1.0,2.0,84.40675,-0.0
C238F,C,238,F,1.0,2.0,62.00449999999999,-0.0
C238G,C,238,G,1.0,2.0,321.20849999999996,-13.1
C238R,C,238,R,1.0,2.0,174.7885,-0.4
C238S,C,238,S,1.0,2.0,346.38925,-12.8
C238Y,C,238,Y,1.0,2.0,376.24625000000003,-14.45
N239D,N,239,D,-1.0,1.0,384.50275,-14.15
N239Y,N,239,Y,,,1638.11325,-97.94999999999999
N239T,N,239,T,-1.0,1.0,109.06899999999999,-0.9
N239S,N,239,S,1.0,2.0,350.20775000000003,-16.1
N239K,N,239,K,1.0,1.0,479.985,-16.4
N239I,N,239,I,-1.0,1.0,375.10825,-11.1
N239H,N,239,H,,,2205.50425,-139.2
S240R,S,240,R,-1.0,2.0,600.0885000000001,-32.8
S240T,S,240,T,,,644.5625,-34.099999999999994
S240C,S,240,C,1.0,1.0,1036.661,-64.5
S240N,S,240,N,1.0,0.0,780.14725,-52.95
S240I,S,240,I,-1.0,2.0,823.32425,-40.800000000000004
S240G,S,240,G,1.0,2.0,519.5735,-12.600000000000001
S241C,S,241,C,1.0,2.0,19.41875,-0.0
S241F,S,241,F,1.0,2.0,39.58925,-0.0
S241P,S,241,P,-1.0,1.0,29.336,-0.0
S241T,S,241,T,1.0,2.0,108.95349999999999,-0.0
S241A,S,241,A,1.0,2.0,324.3035,-11.25
S241Y,S,241,Y,1.0,2.0,111.5645,-0.0
C242Y,C,242,Y,1.0,2.0,1.35675,-0.0
C242F,C,242,F,-1.0,1.0,214.12124999999997,-7.1
C242G,C,242,G,-1.0,1.0,11.23575,-0.0
C242R,C,242,R,-1.0,1.0,26.30775,-0.0
C242S,C,242,S,-1.0,1.0,5.07775,-0.0
C242W,C,242,W,1.0,1.0,341.24125000000004,-10.35
M243R,M,243,R,,,2001.10225,-133.9
M243V,M,243,V,-1.0,1.0,1202.1979999999999,-70.15
M243T,M,243,T,-1.0,1.0,576.2565,-13.950000000000001
M243K,M,243,K,,,2041.522,-135.9
M243I,M,243,I,-1.0,1.0,1003.48,-77.15
M243L,M,243,L,-1.0,2.0,37.8745,-0.0
G244A,G,244,A,1.0,2.0,132.8775,-0.0
G244C,G,244,C,-1.0,1.0,44.462,-0.0
G244D,G,244,D,1.0,2.0,447.697,-0.15
G244V,G,244,V,1.0,1.0,9.0185,-0.0
G244S,G,244,S,1.0,2.0,71.69399999999999,-0.0
G244R,G,244,R,-1.0,1.0,90.04499999999999,-1.8
G245V,G,245,V,1.0,2.0,13.349499999999999,-0.0
G245S,G,245,S,1.0,3.0,159.8825,-0.0
G245R,G,245,R,-1.0,1.0,140.61874999999998,-0.75
G245A,G,245,A,-1.0,1.0,127.72675000000001,-4.2
G245D,G,245,D,1.0,2.0,136.05425,-3.05
G245C,G,245,C,1.0,2.0,21.78375,-0.0
M246V,M,246,V,1.0,2.0,179.07975,-0.0
M246T,M,246,T,-1.0,1.0,24.472250000000003,-0.0
M246R,M,246,R,-1.0,1.0,61.9485,-0.0
M246K,M,246,K,1.0,2.0,46.25425,-0.0
M246L,M,246,L,-1.0,1.0,304.024,-0.0
M246I,M,246,I,1.0,2.0,468.15549999999996,-0.0
N247S,N,247,S,-1.0,1.0,2047.52425,-115.55000000000001
N247Y,N,247,Y,,,584.06675,-41.5
N247T,N,247,T,,,46.67425,-0.0
N247I,N,247,I,1.0,2.0,98.233,-0.0
N247H,N,247,H,,,1380.1702500000001,-83.5
N247D,N,247,D,,,645.1510000000001,-26.65
N247K,N,247,K,,,1218.4295,-91.95
R248Q,R,248,Q,1.0,3.0,45.72725,-0.0
R248P,R,248,P,1.0,2.0,168.9325,-6.55
R248G,R,248,G,1.0,2.0,25.7475,-0.0
R248L,R,248,L,1.0,3.0,24.381749999999997,-0.0
R248W,R,248,W,1.0,3.0,25.48625,-0.0
R249T,R,249,T,1.0,2.0,34.39775,-0.0
R249S,R,249,S,1.0,2.0,317.937,-10.1
R249M,R,249,M,-1.0,1.0,3.20025,-0.0
R249K,R,249,K,-1.0,1.0,420.846,-12.95
R249G,R,249,G,-1.0,1.0,70.64825,-0.0
R249W,R,249,W,-1.0,1.0,124.07625,-0.0
P250T,P,250,T,-1.0,2.0,722.9195,-54.65
P250S,P,250,S,-1.0,2.0,1012.1475,-78.75
P250R,P,250,R,,,587.2037499999999,-42.75
P250L,P,250,L,1.0,2.0,156.561,-4.15
P250A,P,250,A,-1.0,2.0,1706.86725,-102.7
P250H,P,250,H,,,81.398,-0.0
I251F,I,251,F,1.0,2.0,169.47375,-0.0
I251V,I,251,V,-1.0,2.0,810.50875,-53.6
I251L,I,251,L,1.0,2.0,101.316,-0.1
I251T,I,251,T,-1.0,1.0,375.18975,-13.9
I251S,I,251,S,-1.0,1.0,130.0525,-2.4000000000000004
I251M,I,251,M,-1.0,2.0,538.2407499999999,-28.15
I251N,I,251,N,-1.0,1.0,270.35575,-9.75
L252V,L,252,V,-1.0,1.0,1859.149,-119.65
L252R,L,252,R,,,1086.393,-79.05000000000001
L252P,L,252,P,-1.0,1.0,23.365000000000002,-0.0
L252I,L,252,I,,,1844.44975,-111.55
L252H,L,252,H,,,719.3834999999999,-57.0
L252F,L,252,F,-1.0,1.0,1042.9215,-76.65
T253I,T,253,I,-1.0,1.0,546.6935,-35.45
T253N,T,253,N,-1.0,2.0,671.11825,-49.55
T253P,T,253,P,-1.0,1.0,207.60399999999998,-8.8
T253S,T,253,S,,,574.361,-37.55
T253A,T,253,A,1.0,2.0,406.9945,-17.1
I254V,I,254,V,0.0,3.0,1787.4537500000001,-93.8
I254T,I,254,T,1.0,3.0,322.90375,-12.05
I254S,I,254,S,-1.0,1.0,47.144499999999994,-0.0
I254M,I,254,M,-1.0,1.0,650.3199999999999,-44.4
I254L,I,254,L,,,1465.4477499999998,-88.85
I254F,I,254,F,,,456.60450000000003,-17.65
I254N,I,254,N,1.0,3.0,356.33450000000005,-13.25
I255V,I,255,V,-1.0,1.0,2147.6355,-132.25
I255N,I,255,N,-1.0,1.0,296.49974999999995,-10.25
I255M,I,255,M,,,754.224,-51.65
I255L,I,255,L,,,1470.30375,-100.5
I255F,I,255,F,-1.0,1.0,162.78125,-4.6
I255T,I,255,T,-1.0,1.0,277.98850000000004,-9.3
I255S,I,255,S,-1.0,1.0,246.36375,-8.6
T256A,T,256,A,-1.0,2.0,704.97375,-46.0
T256I,T,256,I,-1.0,2.0,498.6165,-28.25
T256K,T,256,K,-1.0,1.0,451.10175000000004,-20.25
T256S,T,256,S,,,1855.0752499999999,-110.95
T256P,T,256,P,-1.0,1.0,232.22424999999998,-8.35
T256R,T,256,R,,,890.2157500000001,-74.75
L257M,L,257,M,,,1834.60925,-123.25
L257P,L,257,P,-1.0,1.0,354.49675,-15.350000000000001
L257R,L,257,R,-1.0,1.0,39.7765,-0.0
L257V,L,257,V,-1.0,1.0,273.8895,-11.850000000000001
L257Q,L,257,Q,-1.0,1.0,325.64575,-10.95
E258G,E,258,G,-1.0,1.0,19.805500000000002,-0.0
E258K,E,258,K,1.0,2.0,127.01350000000001,-5.4
E258Q,E,258,Q,,,481.9765,-27.15
E258V,E,258,V,-1.0,1.0,16.4105,-0.0
E258D,E,258,D,-1.0,1.0,241.55325,-10.3
E258A,E,258,A,-1.0,2.0,42.551500000000004,-0.0
D259H,D,259,H,-1.0,2.0,350.6865,-15.45
D259N,D,259,N,-1.0,1.0,522.08375,-24.9
D259V,D,259,V,-1.0,1.0,278.909,-10.75
D259A,D,259,A,1.0,0.0,401.41025,-17.0
D259Y,D,259,Y,-1.0,1.0,196.647,-7.2
D259G,D,259,G,-1.0,2.0,575.4105,-27.95
D259E,D,259,E,,,23.798000000000002,-0.0
S260C,S,260,C,,,1916.7995,-122.55000000000001
S260A,S,260,A,,,2091.0517499999996,-117.80000000000001
S260Y,S,260,Y,0.0,3.0,1881.8815,-106.2
S260F,S,260,F,-1.0,1.0,340.3025,-12.600000000000001
S260P,S,260,P,,,945.52125,-73.0
S260T,S,260,T,,,35.202,-0.0
S261R,S,261,R,-1.0,1.0,1915.4515000000001,-107.35
S261T,S,261,T,-1.0,2.0,2279.42325,-170.75
S261N,S,261,N,-1.0,0.0,2070.06925,-108.0
S261C,S,261,C,,,2053.543,-112.44999999999999
S261G,S,261,G,-1.0,1.0,1860.9,-115.05000000000001
S261I,S,261,I,,,1768.0034999999998,-93.05000000000001
G262V,G,262,V,-1.0,1.0,325.56725,-11.25
G262S,G,262,S,0.0,3.0,316.15549999999996,-11.899999999999999
G262R,G,262,R,-1.0,1.0,604.027,-39.8
G262D,G,262,D,-1.0,1.0,543.6535,-28.1
G262C,G,262,C,,,416.736,-13.75
G262A,G,262,A,,,248.853,-7.949999999999999
N263Y,N,263,Y,-1.0,1.0,815.6700000000001,-57.599999999999994
N263T,N,263,T,,,1754.72975,-115.3
N263S,N,263,S,0.0,1.0,1293.47525,-93.0
N263K,N,263,K,-1.0,1.0,1624.8805,-109.65
N263I,N,263,I,,,52.176500000000004,-0.0
N263H,N,263,H,-1.0,1.0,1851.748,-114.9
N263D,N,263,D,-1.0,1.0,797.60475,-65.30000000000001
L264P,L,264,P,-1.0,3.0,2051.818,-127.65
L264Q,L,264,Q,,,951.6245,-82.05
L264R,L,264,R,,,153.67325,-6.65
L264V,L,264,V,,,2023.9665,-106.30000000000001
L264I,L,264,I,-1.0,1.0,1892.91475,-106.75
L265R,L,265,R,-1.0,1.0,352.71299999999997,-13.35
L265Q,L,265,Q,1.0,2.0,88.8655,-0.3
L265P,L,265,P,1.0,2.0,37.056,-0.0
L265M,L,265,M,,,790.2742499999999,-56.8
L265V,L,265,V,,,655.44,-40.95
G266R,G,266,R,1.0,2.0,287.55925,-12.25
G266V,G,266,V,-1.0,1.0,40.96,-0.0
G266A,G,266,A,,,829.913,-65.25
G266E,G,266,E,1.0,2.0,112.46799999999999,-1.15
R267W,R,267,W,1.0,2.0,340.745,-1.0
R267G,R,267,G,1.0,2.0,128.687,-0.2
R267L,R,267,L,-1.0,2.0,659.6445,-25.700000000000003
R267P,R,267,P,1.0,2.0,68.9305,-0.0
R267Q,R,267,Q,-1.0,3.0,673.77725,-21.450000000000003
N268K,N,268,K,-1.0,1.0,1135.862,-88.25
N268D,N,268,D,,,1960.0725,-113.2
N268H,N,268,H,,,1917.6657500000001,-118.65
N268I,N,268,I,,,366.4865,-20.25
N268S,N,268,S,-1.0,1.0,1964.992,-122.2
N268T,N,268,T,,,1111.3355000000001,-78.5
N268Y,N,268,Y,-1.0,1.0,832.44775,-67.1
S269C,S,269,C,0.0,0.0,2049.1127500000002,-112.69999999999999
S269G,S,269,G,,,844.9365,-66.15
S269N,S,269,N,-1.0,1.0,851.43625,-67.25
S269R,S,269,R,-1.0,2.0,528.726,-35.3
S269I,S,269,I,1.0,0.0,1231.583,-87.15
S269T,S,269,T,,,1258.6412500000001,-80.8
F270L,F,270,L,1.0,2.0,414.785,-18.5
F270I,F,270,I,-1.0,1.0,178.4015,-10.7
F270S,F,270,S,1.0,2.0,53.1435,-0.0
F270V,F,270,V,1.0,1.0,276.76975000000004,-14.45
F270Y,F,270,Y,,,2014.2060000000001,-122.6
F270C,F,270,C,-1.0,1.0,69.1455,-0.0
E271V,E,271,V,1.0,2.0,417.5475,-17.0
E271Q,E,271,Q,-1.0,2.0,643.222,-50.3
E271K,E,271,K,-1.0,1.0,449.92949999999996,-23.4
E271G,E,271,G,-1.0,1.0,780.23325,-78.35
E271D,E,271,D,-1.0,1.0,2004.78625,-132.0
E271A,E,271,A,,,770.6759999999999,-68.05
V272M,V,272,M,1.0,3.0,395.62575,-17.2
V272L,V,272,L,1.0,2.0,462.52125,-18.8
V272A,V,272,A,-1.0,2.0,546.77,-35.599999999999994
V272G,V,272,G,-1.0,1.0,115.95849999999999,-0.9
V272E,V,272,E,-1.0,1.0,237.316,-8.3
R273S,R,273,S,1.0,2.0,295.67575,-10.25
R273P,R,273,P,1.0,2.0,53.59675,-0.0
R273L,R,273,L,1.0,2.0,33.082,-0.0
R273H,R,273,H,1.0,3.0,133.46075,-0.0
R273G,R,273,G,1.0,2.0,276.46825,-9.25
R273C,R,273,C,1.0,2.0,104.57175,-0.35
V274A,V,274,A,-1.0,1.0,158.844,-5.75
V274I,V,274,I,0.0,1.0,2238.71025,-150.95
V274G,V,274,G,-1.0,1.0,135.89274999999998,-3.45
V274F,V,274,F,-1.0,1.0,41.94,-0.0
V274D,V,274,D,-1.0,1.0,80.09025,-0.0
V274L,V,274,L,-1.0,1.0,146.49675,-4.35
C275F,C,275,F,1.0,2.0,7.05025,-0.0
C275Y,C,275,Y,1.0,2.0,9.85525,-0.0
C275W,C,275,W,-1.0,1.0,18.99225,-0.0
C275G,C,275,G,-1.0,1.0,65.68975,-0.0
C275R,C,275,R,-1.0,1.0,125.185,-3.0
C275S,C,275,S,-1.0,1.0,493.47075,-0.05
A276G,A,276,G,1.0,2.0,184.7815,-0.0
A276S,A,276,S,,,1419.144,-101.5
A276T,A,276,T,-1.0,2.0,1674.4782500000001,-79.8
A276V,A,276,V,-1.0,1.0,830.1324999999999,-37.099999999999994
A276P,A,276,P,-1.0,1.0,68.7695,-0.0
A276D,A,276,D,-1.0,1.0,44.757000000000005,-0.0
C277S,C,277,S,-1.0,2.0,1911.1660000000002,-104.5
C277R,C,277,R,-1.0,3.0,43.929500000000004,-0.0
C277G,C,277,G,1.0,3.0,338.91525,-12.05
C277F,C,277,F,-1.0,1.0,54.89725,-0.0
C277W,C,277,W,-1.0,2.0,80.32525,-0.0
C277Y,C,277,Y,-1.0,1.0,67.37325,-0.2
P278A,P,278,A,-1.0,1.0,327.1445,-11.45
P278T,P,278,T,1.0,2.0,79.12475,-0.0
P278S,P,278,S,1.0,2.0,111.25625,-1.35
P278R,P,278,R,-1.0,1.0,105.42925,-1.35
P278L,P,278,L,1.0,2.0,109.6195,-2.4000000000000004
P278H,P,278,H,-1.0,1.0,9.418,-0.0
G279A,G,279,A,-1.0,1.0,569.5342499999999,-0.0
G279W,G,279,W,-1.0,0.0,684.8145,-6.1
G279V,G,279,V,-1.0,1.0,608.455,-0.0
G279R,G,279,R,-1.0,1.0,449.197,-3.1500000000000004
G279E,G,279,E,-1.0,1.0,88.08675,-0.2
R280T,R,280,T,1.0,2.0,30.24575,-0.0
R280S,R,280,S,1.0,3.0,377.52525,-11.85
R280K,R,280,K,-1.0,1.0,69.57675,-0.65
R280I,R,280,I,-1.0,1.0,27.32775,-0.05
R280G,R,280,G,-1.0,1.0,336.562,-10.2
D281A,D,281,A,1.0,2.0,3.35975,-0.0
D281E,D,281,E,1.0,2.0,123.747,-2.8
D281N,D,281,N,1.0,2.0,31.85575,-0.0
D281V,D,281,V,1.0,2.0,15.576,-0.0
D281Y,D,281,Y,1.0,2.0,135.63074999999998,-6.3
D281G,D,281,G,1.0,2.0,277.479,-9.0
D281H,D,281,H,1.0,2.0,60.659,-0.0
R282W,R,282,W,1.0,2.0,67.2895,-0.0
R282Q,R,282,Q,-1.0,1.0,609.76675,-30.5
R282P,R,282,P,1.0,2.0,7.32375,-0.0
R282G,R,282,G,1.0,2.0,54.3685,-0.0
R282L,R,282,L,-1.0,3.0,989.32925,-77.9
R283C,R,283,C,0.0,3.0,1236.2912500000002,-99.2
R283G,R,283,G,-1.0,2.0,744.2742499999999,-69.6
R283H,R,283,H,-1.0,2.0,81.703,-0.0
R283L,R,283,L,,,1720.47125,-103.45
R283P,R,283,P,1.0,3.0,123.1575,-2.35
R283S,R,283,S,,,1133.2982499999998,-100.75
T284S,T,284,S,-1.0,1.0,2194.62825,-148.25
T284R,T,284,R,-1.0,1.0,2166.075,-119.1
T284P,T,284,P,-1.0,1.0,181.562,-7.3999999999999995
T284K,T,284,K,,,1965.045,-97.7
T284I,T,284,I,0.0,3.0,2200.78925,-125.45
T284A,T,284,A,-1.0,1.0,2113.2435,-122.44999999999999
E285A,E,285,A,,,1427.29275,-94.0
E285D,E,285,D,,,858.731,-67.25
E285G,E,285,G,-1.0,2.0,433.496,-18.4
E285K,E,285,K,1.0,2.0,121.21924999999999,-4.35
E285V,E,285,V,1.0,1.0,268.615,-8.85
E285Q,E,285,Q,-1.0,2.0,1724.1747500000001,-118.6
E286A,E,286,A,1.0,1.0,150.87599999999998,-2.6500000000000004
E286K,E,286,K,1.0,2.0,407.28525,-15.8
E286D,E,286,D,-1.0,1.0,149.90725,-4.800000000000001
E286G,E,286,G,-1.0,1.0,104.83,-0.05
E286V,E,286,V,-1.0,1.0,171.78425,-6.1
E286Q,E,286,Q,-1.0,1.0,266.02774999999997,-13.7
E287K,E,287,K,-1.0,1.0,2123.8450000000003,-119.9
E287A,E,287,A,,,2171.7872500000003,-150.55
E287D,E,287,D,-1.0,1.0,2199.4365,-133.65
E287G,E,287,G,0.0,1.0,2142.54825,-124.8
E287V,E,287,V,,,2045.49975,-117.65
E287Q,E,287,Q,,,2224.3235000000004,-143.89999999999998
N288Y,N,288,Y,,,2247.5335,-157.1
N288T,N,288,T,-1.0,1.0,2159.49775,-142.7
N288S,N,288,S,-1.0,1.0,2191.47525,-138.45
N288D,N,288,D,-1.0,1.0,913.4625000000001,-29.3
N288H,N,288,H,,,2125.8585000000003,-130.45
N288I,N,288,I,,,1943.16525,-123.6
N288K,N,288,K,,,1893.0322500000002,-114.2
L289F,L,289,F,-1.0,1.0,2293.8999999999996,-184.8
L289H,L,289,H,,,2280.80525,-153.60000000000002
L289P,L,289,P,0.0,3.0,1550.2469999999998,-75.45
L289R,L,289,R,,,2263.726,-139.45
L289V,L,289,V,-1.0,1.0,2259.30875,-146.45
L289I,L,289,I,-1.0,1.0,2222.31475,-135.4
R290G,R,290,G,-1.0,1.0,2104.5445,-110.35
R290C,R,290,C,0.0,3.0,2246.7725,-134.2
R290H,R,290,H,0.0,3.0,2248.7785000000003,-140.9
R290L,R,290,L,-1.0,2.0,2200.76075,-138.55
R290P,R,290,P,-1.0,1.0,955.3679999999999,-48.75
R290S,R,290,S,-1.0,1.0,2181.51425,-138.75
K291M,K,291,M,,,1990.3695,-105.6
K291T,K,291,T,,,2281.6952499999998,-152.4
K291R,K,291,R,-1.0,1.0,2114.1155,-125.45
K291Q,K,291,Q,-1.0,1.0,2002.16275,-97.69999999999999
K291N,K,291,N,-1.0,1.0,1989.509,-99.35
K291E,K,291,E,-1.0,1.0,1955.4955,-111.45
K292I,K,292,I,-1.0,2.0,1846.0832500000001,-90.55
K292T,K,292,T,-1.0,1.0,2192.71875,-122.65
K292R,K,292,R,0.0,3.0,2162.1895,-130.3
K292Q,K,292,Q,,,2281.7794999999996,-144.39999999999998
K292E,K,292,E,-1.0,1.0,1911.3132500000002,-98.5
K292N,K,292,N,-1.0,2.0,2216.9612500000003,-138.1
G293R,G,293,R,-1.0,1.0,2174.07225,-139.8
G293V,G,293,V,,,2201.7467500000002,-136.1
G293W,G,293,W,0.0,3.0,1911.10275,-112.5
G293E,G,293,E,,,2087.7735000000002,-120.4
G293A,G,293,A,,,253.2455,-8.4
E294A,E,294,A,-1.0,1.0,2071.514,-119.75
E294G,E,294,G,,,2286.62275,-148.8
E294K,E,294,K,-1.0,1.0,1932.43675,-107.65
E294Q,E,294,Q,,,2151.293,-122.5
E294V,E,294,V,,,2045.65175,-122.30000000000001
E294D,E,294,D,-1.0,1.0,1601.31525,-102.69999999999999
P295T,P,295,T,,,1657.98925,-99.80000000000001
P295S,P,295,S,0.0,3.0,2193.62875,-133.75
P295R,P,295,R,,,1638.4275,-95.25
P295H,P,295,H,-1.0,1.0,99.96000000000001,-0.0
P295L,P,295,L,-1.0,1.0,2226.3345,-142.25
P295A,P,295,A,,,2277.18675,-152.7
H296Y,H,296,Y,0.0,3.0,2190.7577499999998,-146.15
H296R,H,296,R,1.0,0.0,1379.53175,-91.05
H296Q,H,296,Q,,,2151.5325000000003,-125.05
H296P,H,296,P,,,2253.102,-139.7
H296N,H,296,N,,,2190.1825,-137.1
H296D,H,296,D,,,2000.0439999999999,-131.35
H296L,H,296,L,,,2067.0765,-120.75
H297R,H,297,R,-1.0,2.0,2261.5125,-149.2
H297Q,H,297,Q,-1.0,2.0,79.1845,-0.0
H297P,H,297,P,,,2280.0877499999997,-148.8
H297N,H,297,N,,,2140.19825,-124.55
H297L,H,297,L,,,620.06125,-33.1
H297D,H,297,D,,,2249.1095,-136.5
H297Y,H,297,Y,-1.0,1.0,51.62775,-0.0
E298V,E,298,V,,,2266.902,-152.1
E298Q,E,298,Q,-1.0,1.0,2101.199,-120.55
E298G,E,298,G,-1.0,1.0,1948.2597500000002,-120.05000000000001
E298D,E,298,D,-1.0,1.0,2206.31175,-130.3
E298A,E,298,A,-1.0,1.0,2119.7915000000003,-122.0
E298K,E,298,K,0.0,3.0,1991.3435,-118.5
L299Q,L,299,Q,,,2035.813,-123.8
L299P,L,299,P,-1.0,1.0,2121.91125,-116.25
L299M,L,299,M,,,2076.55175,-119.8
L299V,L,299,V,0.0,1.0,2135.2972499999996,-126.15
L299R,L,299,R,,,2270.5547500000002,-152.10000000000002
P300A,P,300,A,,,2301.5637500000003,-170.65
P300T,P,300,T,,,71.27600000000001,-0.0
P300S,P,300,S,-1.0,1.0,2213.98725,-127.35
P300R,P,300,R,,,2287.85425,-145.55
P300L,P,300,L,0.0,1.0,2273.25075,-136.3
P300H,P,300,H,,,2285.20725,-155.35000000000002
P301A,P,301,A,-1.0,1.0,2254.68775,-136.39999999999998
P301L,P,301,L,-1.0,1.0,1910.93125,-110.05000000000001
P301R,P,301,R,,,2281.466,-140.85
P301S,P,301,S,-1.0,1.0,2036.87275,-114.94999999999999
P301T,P,301,T,,,2251.032,-125.9
P301Q,P,301,Q,,,2298.2865,-171.35000000000002
G302R,G,302,R,-1.0,1.0,2182.782,-120.2
G302A,G,302,A,0.0,1.0,2035.6284999999998,-116.6
G302W,G,302,W,,,1863.2247499999999,-101.65
G302V,G,302,V,,,2280.22425,-135.4
G302E,G,302,E,-1.0,1.0,2021.26525,-114.05
S303C,S,303,C,,,2098.0507500000003,-127.75
S303G,S,303,G,0.0,3.0,2230.7977499999997,-140.1
S303I,S,303,I,,,2107.1549999999997,-112.45
S303N,S,303,N,-1.0,1.0,2227.616,-125.15
S303R,S,303,R,-1.0,1.0,2276.03225,-156.55
S303T,S,303,T,,,2174.0742499999997,-114.0
T304P,T,304,P,,,1881.35625,-110.30000000000001
T304N,T,304,N,,,111.82275,-0.3
T304I,T,304,I,-1.0,2.0,70.40100000000001,-0.0
T304A,T,304,A,-1.0,1.0,1871.8319999999999,-114.94999999999999
T304S,T,304,S,-1.0,1.0,2191.441,-139.85
K305T,K,305,T,,,473.0125,-22.5
K305R,K,305,R,,,189.261,-6.65
K305Q,K,305,Q,,,126.61625000000001,-2.3499999999999996
K305N,K,305,N,,,474.59000000000003,-21.049999999999997
K305M,K,305,M,,,54.220749999999995,-0.0
K305E,K,305,E,,,88.158,-0.0
R306L,R,306,L,,,685.325,-41.2
R306G,R,306,G,-1.0,1.0,359.95425,-13.0
R306P,R,306,P,,,462.4465,-18.1
R306Q,R,306,Q,-1.0,1.0,470.05949999999996,-19.15
A307V,A,307,V,-1.0,1.0,1533.7782499999998,-88.9
A307T,A,307,T,-1.0,1.0,2208.3549999999996,-142.7
A307S,A,307,S,,,2256.1605,-151.35
A307P,A,307,P,-1.0,2.0,2278.68825,-166.3
A307E,A,307,E,,,718.0527500000001,-47.55
A307G,A,307,G,0.0,1.0,1757.4470000000001,-105.94999999999999
L308V,L,308,V,,,1610.75225,-87.4
L308R,L,308,R,,,2279.1385,-174.25
L308Q,L,308,Q,,,119.88425000000001,-0.75
L308P,L,308,P,,,1971.652,-110.6
L308M,L,308,M,,,2068.12575,-124.30000000000001
P309H,P,309,H,,,1957.2305000000001,-128.5
P309L,P,309,L,-1.0,2.0,1435.4904999999999,-101.0
P309R,P,309,R,,,1305.696,-83.69999999999999
P309S,P,309,S,-1.0,1.0,2205.0515,-151.15
P309T,P,309,T,-1.0,1.0,1744.165,-99.2
P309A,P,309,A,,,1900.60925,-116.0
N310Y,N,310,Y,,,2180.65225,-123.85000000000001
N310T,N,310,T,,,2120.808,-126.15
N310S,N,310,S,0.0,1.0,2245.46825,-146.5
N310I,N,310,I,-1.0,1.0,2171.8064999999997,-142.64999999999998
N310H,N,310,H,-1.0,1.0,2259.6785,-142.85
N310D,N,310,D,-1.0,1.0,2021.51575,-112.6
N310K,N,310,K,0.0,1.0,1971.7825,-122.5
N311D,N,311,D,,,1312.67225,-85.85
N311H,N,311,H,-1.0,1.0,1888.7240000000002,-114.35
N311I,N,311,I,,,1856.76375,-105.95
N311K,N,311,K,,,1608.2092499999999,-97.85
N311S,N,311,S,-1.0,1.0,2310.402,-190.4
N311Y,N,311,Y,,,1909.6167500000001,-117.05000000000001
N311T,N,311,T,-1.0,2.0,750.8430000000001,-60.25
T312I,T,312,I,-1.0,2.0,2150.89375,-139.75
T312N,T,312,N,0.0,1.0,1786.4175,-117.05
T312P,T,312,P,,,1955.18075,-111.6
T312S,T,312,S,0.0,3.0,2083.3895,-126.45
T312A,T,312,A,-1.0,1.0,2107.084,-133.7
S313C,S,313,C,,,1932.274,-125.3
S313T,S,313,T,,,2054.77725,-123.1
S313N,S,313,N,0.0,1.0,2086.064,-129.95
S313I,S,313,I,,,2144.8305,-139.0
S313G,S,313,G,,,1998.056,-118.75
S313R,S,313,R,,,1782.13275,-100.7
S314A,S,314,A,,,1870.5265,-105.35
S314C,S,314,C,-1.0,2.0,1891.57,-105.55
S314F,S,314,F,-1.0,1.0,1856.69025,-110.05000000000001
S314P,S,314,P,,,2239.5012500000003,-137.6
S314T,S,314,T,,,1871.71,-112.65
S314Y,S,314,Y,,,2088.245,-115.35
S315Y,S,315,Y,,,2112.306,-124.15
S315T,S,315,T,0.0,3.0,1506.29925,-87.2
S315P,S,315,P,-1.0,2.0,2008.8609999999999,-121.85
S315F,S,315,F,-1.0,1.0,2000.02525,-114.05
S315C,S,315,C,-1.0,2.0,2100.16075,-121.35
S315A,S,315,A,,,2000.9479999999999,-126.6
P316H,P,316,H,,,1843.71225,-120.95
P316R,P,316,R,,,1446.8449999999998,-108.85
P316S,P,316,S,-1.0,1.0,1371.15925,-83.6
P316T,P,316,T,0.0,3.0,345.781,-12.9
P316L,P,316,L,-1.0,1.0,2178.59375,-120.5
P316A,P,316,A,,,1084.20425,-73.19999999999999
Q317E,Q,317,E,,,1725.9785,-93.65
Q317H,Q,317,H,-1.0,1.0,1768.18025,-103.15
Q317L,Q,317,L,-1.0,2.0,1480.50475,-85.1
Q317K,Q,317,K,0.0,3.0,1945.93875,-106.94999999999999
Q317R,Q,317,R,-1.0,1.0,1940.06675,-109.1
Q317P,Q,317,P,,,2057.92425,-120.65
P318T,P,318,T,,,1443.1685,-93.5
P318S,P,318,S,0.0,0.0,1671.3355000000001,-97.6
P318R,P,318,R,-1.0,1.0,1980.30775,-111.7
P318Q,P,318,Q,,,1238.9585000000002,-79.8
P318L,P,318,L,-1.0,1.0,1256.3532500000001,-78.6
P318A,P,318,A,,,1828.0797499999999,-99.35
K319E,K,319,E,,,529.376,-35.650000000000006
K319M,K,319,M,,,1420.1260000000002,-104.75
K319N,K,319,N,,,1441.5407500000001,-100.45
K319Q,K,319,Q,,,783.0435,-60.45
K319R,K,319,R,,,2290.5465,-179.7
K319T,K,319,T,0.0,1.0,1166.3802500000002,-77.75
K320E,K,320,E,,,594.3254999999999,-35.0
K320T,K,320,T,-1.0,2.0,589.422,-40.8
K320R,K,320,R,,,2286.629,-156.1
K320Q,K,320,Q,,,602.3355,-38.75
K320M,K,320,M,,,687.20975,-49.25
K320N,K,320,N,,,641.14625,-43.8
K321T,K,321,T,-1.0,1.0,789.43425,-60.25
K321R,K,321,R,,,2247.683,-141.5
K321Q,K,321,Q,,,788.646,-60.4
K321N,K,321,N,,,667.8017500000001,-47.55
K321I,K,321,I,,,1163.6855,-87.85
K321E,K,321,E,,,535.95775,-30.25
P322L,P,322,L,,,2240.899,-132.2
P322Q,P,322,Q,,,2274.4269999999997,-140.15
P322R,P,322,R,-1.0,1.0,2301.52775,-154.3
P322S,P,322,S,-1.0,1.0,2291.89575,-142.5
P322T,P,322,T,-1.0,1.0,2175.4585,-135.5
P322A,P,322,A,-1.0,1.0,2296.7115,-175.3
L323M,L,323,M,,,2116.26775,-114.25
L323V,L,323,V,-1.0,1.0,2031.1882500000002,-121.1
L323R,L,323,R,,,2301.76575,-211.95
L323Q,L,323,Q,,,2240.8455000000004,-137.35
L323P,L,323,P,-1.0,1.0,2206.2297500000004,-139.35000000000002
D324V,D,324,V,,,2175.08725,-122.4
D324E,D,324,E,0.0,1.0,1955.9695000000002,-121.05000000000001
D324G,D,324,G,,,2137.885,-122.35
D324H,D,324,H,-1.0,1.0,2250.01375,-140.2
D324A,D,324,A,,,2280.956,-147.6
D324N,D,324,N,0.0,0.0,2287.6045,-143.5
D324Y,D,324,Y,-1.0,2.0,2278.41525,-163.95
G325R,G,325,R,-1.0,1.0,1655.07475,-91.85
G325V,G,325,V,-1.0,1.0,1788.088,-104.35
G325A,G,325,A,,,1774.839,-105.85
G325E,G,325,E,-1.0,1.0,1319.0304999999998,-89.2
E326A,E,326,A,,,1831.0797499999999,-107.15
E326V,E,326,V,1.0,0.0,2085.5485,-124.95
E326Q,E,326,Q,,,1878.532,-109.15
E326K,E,326,K,,,2046.80525,-116.7
E326G,E,326,G,,,2052.9835,-128.15
E326D,E,326,D,-1.0,2.0,1962.0147499999998,-113.19999999999999
Y327S,Y,327,S,,,1907.85225,-108.05
Y327N,Y,327,N,,,1975.25425,-119.75
Y327H,Y,327,H,,,1694.6392500000002,-98.8
Y327F,Y,327,F,,,2069.379,-126.85000000000001
Y327D,Y,327,D,,,1740.2199999999998,-106.65
Y327C,Y,327,C,-1.0,1.0,1853.938,-110.75
F328C,F,328,C,,,2033.05625,-117.6
F328I,F,328,I,,,1160.578,-78.9
F328Y,F,328,Y,,,2032.0955000000001,-121.69999999999999
F328L,F,328,L,,,1462.9299999999998,-89.30000000000001
F328S,F,328,S,-1.0,1.0,564.3325,-29.35
F328V,F,328,V,-1.0,1.0,704.0374999999999,-54.2
T329A,T,329,A,-1.0,1.0,2288.09925,-156.5
T329S,T,329,S,,,1651.6970000000001,-107.15
T329P,T,329,P,,,1859.1525000000001,-104.85
T329N,T,329,N,,,2143.20775,-138.05
T329I,T,329,I,-1.0,1.0,2250.1975,-138.6
L330F,L,330,F,-1.0,1.0,1386.76125,-88.15
L330H,L,330,H,-1.0,1.0,275.932,-9.95
L330I,L,330,I,,,2100.933,-130.55
L330P,L,330,P,-1.0,1.0,351.74125000000004,-11.05
L330R,L,330,R,-1.0,2.0,90.55025,-0.0
L330V,L,330,V,-1.0,1.0,1422.4135,-91.35
Q331K,Q,331,K,-1.0,2.0,2058.33875,-122.1
Q331R,Q,331,R,-1.0,1.0,2204.65675,-138.4
Q331P,Q,331,P,,,1884.626,-109.55000000000001
Q331L,Q,331,L,,,1954.42225,-107.25
Q331H,Q,331,H,-1.0,1.0,1311.36875,-84.8
Q331E,Q,331,E,-1.0,1.0,1976.601,-112.65
I332L,I,332,L,0.0,1.0,1038.4985,-75.4
I332M,I,332,M,-1.0,1.0,674.68525,-42.75
I332N,I,332,N,1.0,1.0,319.10925,-10.350000000000001
I332F,I,332,F,,,794.6492499999999,-59.3
I332S,I,332,S,,,254.25275,-9.25
I332T,I,332,T,-1.0,1.0,441.0605,-16.9
I332V,I,332,V,,,2103.4275,-133.15
R333C,R,333,C,0.0,3.0,1716.489,-102.3
R333G,R,333,G,-1.0,0.0,783.90725,-55.150000000000006
R333H,R,333,H,0.0,3.0,1803.21025,-108.0
R333P,R,333,P,,,548.1257499999999,-27.6
R333S,R,333,S,,,1517.0865,-97.69999999999999
R333L,R,333,L,,,1927.133,-111.80000000000001
G334V,G,334,V,-1.0,0.0,620.7719999999999,-45.849999999999994
G334R,G,334,R,-1.0,3.0,1328.0765000000001,-86.55000000000001
G334W,G,334,W,1.0,2.0,610.1695,-41.45
G334E,G,334,E,-1.0,2.0,867.2537500000001,-62.849999999999994
G334A,G,334,A,,,812.072,-61.05
R335S,R,335,S,,,1960.78975,-127.35
R335P,R,335,P,-1.0,1.0,1780.054,-105.9
R335H,R,335,H,-1.0,1.0,2155.9255,-142.0
R335G,R,335,G,,,1643.20475,-96.9
R335C,R,335,C,0.0,3.0,1911.9395,-107.15
R335L,R,335,L,0.0,1.0,1914.7095,-112.45
E336A,E,336,A,,,2060.26,-123.05000000000001
E336D,E,336,D,,,2081.175,-116.65
E336G,E,336,G,-1.0,1.0,2119.10075,-123.35000000000001
E336K,E,336,K,,,2142.02675,-137.25
E336Q,E,336,Q,0.0,1.0,2083.8555,-122.75
E336V,E,336,V,,,2007.92875,-123.15
R337S,R,337,S,1.0,3.0,270.04375,-9.350000000000001
R337P,R,337,P,1.0,3.0,189.143,-8.1
R337L,R,337,L,1.0,3.0,443.092,-17.6
R337G,R,337,G,1.0,3.0,313.64300000000003,-9.25
R337H,R,337,H,1.0,2.0,838.5155,-69.0
R337C,R,337,C,1.0,3.0,434.43075,-15.149999999999999
F338V,F,338,V,,,896.238,-69.25
F338C,F,338,C,-1.0,2.0,981.65975,-64.1
F338Y,F,338,Y,,,2188.72225,-146.15
F338I,F,338,I,,,757.0282500000001,-53.0
F338S,F,338,S,-1.0,2.0,562.54475,-35.8
F338L,F,338,L,-1.0,1.0,2129.389,-124.25
E339A,E,339,A,,,1633.8184999999999,-99.65
E339D,E,339,D,,,1930.289,-115.55000000000001
E339G,E,339,G,-1.0,1.0,1709.0542500000001,-100.3
E339V,E,339,V,-1.0,1.0,1659.2327500000001,-103.7
E339Q,E,339,Q,0.0,3.0,2009.2285000000002,-109.9
E339K,E,339,K,-1.0,1.0,2009.05375,-106.55
M340I,M,340,I,0.0,1.0,1387.77875,-88.19999999999999
M340V,M,340,V,,,1531.60125,-87.0
M340R,M,340,R,,,1093.98675,-78.75
M340T,M,340,T,-1.0,1.0,1511.13,-93.4
M340L,M,340,L,,,1663.0365000000002,-92.80000000000001
M340K,M,340,K,-1.0,2.0,916.0977499999999,-73.65
F341C,F,341,C,,,321.722,-11.4
F341I,F,341,I,-1.0,1.0,1403.5,-92.19999999999999
F341L,F,341,L,0.0,1.0,1629.71025,-102.94999999999999
F341S,F,341,S,1.0,1.0,182.5045,-7.85
F341V,F,341,V,,,522.09,-27.5
F341Y,F,341,Y,,,416.0005,-19.7
R342G,R,342,G,-1.0,2.0,772.55975,-60.0
R342L,R,342,L,-1.0,1.0,1686.97225,-101.55000000000001
R342P,R,342,P,1.0,3.0,250.969,-10.25
R342Q,R,342,Q,0.0,3.0,1693.26675,-100.8
E343G,E,343,G,,,1243.6547500000001,-90.65
E343D,E,343,D,-1.0,2.0,1756.78225,-109.3
E343K,E,343,K,,,2152.433,-124.8
E343A,E,343,A,,,1563.79225,-100.55000000000001
E343Q,E,343,Q,-1.0,1.0,2020.8465,-118.4
E343V,E,343,V,,,1413.3175,-93.25
L344R,L,344,R,1.0,3.0,373.84799999999996,-12.25
L344P,L,344,P,1.0,3.0,295.24775,-9.25
L344Q,L,344,Q,,,504.80075,-22.25
L344V,L,344,V,-1.0,2.0,860.565,-69.75
L344M,L,344,M,-1.0,1.0,900.1500000000001,-63.050000000000004
N345Y,N,345,Y,,,1602.2625,-100.25
N345T,N,345,T,,,746.84175,-53.7
N345S,N,345,S,-1.0,1.0,1007.5262499999999,-78.85
N345K,N,345,K,,,1394.3602500000002,-92.65
N345I,N,345,I,,,1135.475,-79.4
N345H,N,345,H,,,1554.84725,-92.7
N345D,N,345,D,,,571.2864999999999,-32.4
E346V,E,346,V,,,1693.01675,-105.4
E346Q,E,346,Q,,,1709.8535,-106.55000000000001
E346A,E,346,A,,,1733.8325,-109.05
E346K,E,346,K,-1.0,1.0,1961.7915,-122.30000000000001
E346G,E,346,G,-1.0,1.0,1696.6715,-102.65
E346D,E,346,D,-1.0,1.0,1507.2907500000001,-97.25
A347P,A,347,P,,,302.8315,-9.3
A347D,A,347,D,1.0,3.0,462.2305,-16.55
A347G,A,347,G,0.0,1.0,1663.99425,-90.6
A347S,A,347,S,-1.0,1.0,1722.35975,-103.7
A347T,A,347,T,-1.0,3.0,723.0355,-51.7
A347V,A,347,V,-1.0,2.0,808.4929999999999,-56.95
L348W,L,348,W,,,697.1535,-46.0
L348V,L,348,V,-1.0,1.0,959.19925,-76.6
L348S,L,348,S,-1.0,1.0,436.23900000000003,-19.6
L348M,L,348,M,,,1626.218,-101.55000000000001
L348F,L,348,F,,,1224.5835,-88.75
E349K,E,349,K,-1.0,1.0,1529.0707499999999,-101.1
E349D,E,349,D,,,1879.25925,-110.5
E349A,E,349,A,,,1646.983,-97.69999999999999
E349G,E,349,G,0.0,1.0,1525.91175,-100.4
E349Q,E,349,Q,-1.0,1.0,1715.83025,-107.65
E349V,E,349,V,,,798.85575,-55.95
L350H,L,350,H,,,1660.6912499999999,-104.1
L350I,L,350,I,,,1663.8375,-100.5
L350V,L,350,V,-1.0,1.0,1420.24175,-99.55000000000001
L350F,L,350,F,-1.0,1.0,1234.8055,-82.1
L350P,L,350,P,-1.0,2.0,395.82025,-13.8
L350R,L,350,R,0.0,1.0,1529.9157500000001,-94.35
K351M,K,351,M,,,1003.99,-72.9
K351N,K,351,N,-1.0,2.0,1288.31975,-88.65
K351Q,K,351,Q,,,1554.422,-100.15
K351R,K,351,R,-1.0,1.0,1183.64725,-85.94999999999999
K351T,K,351,T,,,1322.5455,-90.25
K351E,K,351,E,-1.0,2.0,477.0305,-18.1
D352Y,D,352,Y,-1.0,1.0,1589.4470000000001,-100.94999999999999
D352V,D,352,V,,,1546.8087500000001,-95.65
D352N,D,352,N,-1.0,1.0,1804.2455,-104.2
D352A,D,352,A,,,2073.6625000000004,-127.55000000000001
D352E,D,352,E,-1.0,1.0,2094.953,-124.9
D352G,D,352,G,,,1976.05675,-122.35
D352H,D,352,H,-1.0,1.0,1711.59725,-101.6
A353D,A,353,D,,,1551.4025000000001,-99.44999999999999
A353G,A,353,G,,,2130.27,-131.4
A353V,A,353,V,,,2282.98675,-175.75
A353T,A,353,T,,,1596.47875,-96.9
A353S,A,353,S,-1.0,1.0,800.47925,-50.9
A353P,A,353,P,,,1373.54275,-96.4
Q354R,Q,354,R,-1.0,1.0,2074.4295,-136.10000000000002
Q354P,Q,354,P,0.0,1.0,2127.7245000000003,-134.65
Q354L,Q,354,L,0.0,1.0,1305.4845,-90.55
Q354K,Q,354,K,0.0,3.0,2038.13725,-123.0
Q354E,Q,354,E,-1.0,1.0,1970.0745000000002,-115.80000000000001
Q354H,Q,354,H,,,1872.9434999999999,-106.6
A355V,A,355,V,-1.0,1.0,1177.07375,-87.69999999999999
A355T,A,355,T,0.0,1.0,1568.3055,-94.69999999999999
A355S,A,355,S,-1.0,2.0,1025.24525,-79.7
A355P,A,355,P,,,1559.5787500000001,-97.1
A355G,A,355,G,-1.0,1.0,1178.181,-88.1
A355D,A,355,D,-1.0,2.0,1136.5127499999999,-85.8
G356A,G,356,A,-1.0,1.0,1107.76475,-82.8
G356R,G,356,R,0.0,3.0,1242.8015,-88.25
G356W,G,356,W,-1.0,1.0,1432.91275,-95.25
G356V,G,356,V,,,1061.76875,-81.25
G356E,G,356,E,0.0,1.0,1031.48075,-72.75
K357N,K,357,N,,,950.18975,-72.75
K357T,K,357,T,-1.0,1.0,938.656,-71.75
K357R,K,357,R,,,1067.673,-77.1
K357Q,K,357,Q,,,853.4535000000001,-64.5
K357M,K,357,M,,,931.586,-74.05000000000001
K357E,K,357,E,-1.0,1.0,917.8720000000001,-64.6
E358A,E,358,A,,,883.107,-68.5
E358D,E,358,D,,,993.6915,-77.1
E358G,E,358,G,,,587.064,-31.5
E358K,E,358,K,-1.0,1.0,1104.22975,-83.05000000000001
E358Q,E,358,Q,,,1133.525,-82.5
E358V,E,358,V,-1.0,1.0,975.855,-80.55000000000001
P359T,P,359,T,,,808.3299999999999,-59.5
P359S,P,359,S,,,1010.0545,-73.95
P359R,P,359,R,-1.0,1.0,973.719,-80.05000000000001
P359Q,P,359,Q,,,1040.59825,-72.44999999999999
P359L,P,359,L,,,557.73675,-27.15
P359A,P,359,A,,,751.8422499999999,-59.8
G360W,G,360,W,-1.0,1.0,841.15175,-68.65
G360V,G,360,V,-1.0,1.0,1030.581,-76.6
G360R,G,360,R,-1.0,1.0,990.31575,-73.35
G360E,G,360,E,-1.0,1.0,964.6112499999999,-72.85
G360A,G,360,A,0.0,3.0,1069.422,-74.94999999999999
G361A,G,361,A,,,941.6769999999999,-70.75
G361W,G,361,W,,,274.43174999999997,-7.449999999999999
G361V,G,361,V,,,917.9295,-70.3
G361R,G,361,R,-1.0,2.0,804.0237500000001,-62.8
G361E,G,361,E,-1.0,1.0,698.66625,-51.849999999999994
S362G,S,362,G,-1.0,2.0,1142.855,-72.3
S362I,S,362,I,-1.0,1.0,921.0374999999999,-66.2
S362N,S,362,N,-1.0,1.0,1094.53125,-76.94999999999999
S362T,S,362,T,,,905.04975,-68.45
S362C,S,362,C,-1.0,1.0,934.2012500000001,-71.5
S362R,S,362,R,-1.0,1.0,669.756,-46.85
R363M,R,363,M,,,1035.03575,-76.1
R363S,R,363,S,-1.0,1.0,859.3515,-67.05
R363K,R,363,K,-1.0,2.0,937.096,-74.65
R363G,R,363,G,-1.0,1.0,1030.31425,-77.95
R363T,R,363,T,,,664.22675,-42.7
R363W,R,363,W,-1.0,1.0,873.543,-67.0
A364V,A,364,V,-1.0,2.0,1087.1219999999998,-75.0
A364T,A,364,T,-1.0,2.0,956.42325,-71.55000000000001
A364S,A,364,S,-1.0,1.0,730.363,-52.6
A364P,A,364,P,,,897.34225,-66.1
A364D,A,364,D,,,975.6255,-69.0
A364G,A,364,G,,,440.64549999999997,-16.55
H365Y,H,365,Y,0.0,3.0,1115.72225,-77.8
H365R,H,365,R,,,985.9557500000001,-68.65
H365Q,H,365,Q,,,1021.6444999999999,-75.9
H365P,H,365,P,-1.0,1.0,833.3207500000001,-63.55
H365N,H,365,N,,,1026.628,-73.7
H365D,H,365,D,,,1100.72525,-77.30000000000001
H365L,H,365,L,,,945.98975,-70.85
S366F,S,366,F,-1.0,1.0,1259.702,-84.3
S366A,S,366,A,0.0,3.0,1091.952,-81.65
S366C,S,366,C,-1.0,2.0,1072.13175,-73.35
S366P,S,366,P,-1.0,2.0,1200.0365000000002,-82.9
S366T,S,366,T,-1.0,2.0,270.2025,-7.35
S366Y,S,366,Y,-1.0,1.0,1146.02875,-79.2
S367T,S,367,T,-1.0,1.0,962.7535,-70.80000000000001
S367R,S,367,R,,,1047.6302500000002,-73.95
S367N,S,367,N,,,1618.4592499999999,-98.55000000000001
S367I,S,367,I,,,1178.51025,-74.75
S367G,S,367,G,-1.0,2.0,1168.1865,-74.55
S367C,S,367,C,,,1178.696,-75.35
H368R,H,368,R,-1.0,1.0,1483.59425,-97.55000000000001
H368Q,H,368,Q,-1.0,1.0,1166.53075,-82.0
H368P,H,368,P,,,1026.3397499999999,-71.45
H368N,H,368,N,-1.0,2.0,816.62,-64.55
H368D,H,368,D,-1.0,1.0,936.5815,-69.7
H368L,H,368,L,,,1617.66175,-103.05000000000001
H368Y,H,368,Y,-1.0,3.0,1014.895,-66.5
L369V,L,369,V,,,1105.68475,-76.8
L369R,L,369,R,,,1130.9882499999999,-74.15
L369Q,L,369,Q,,,1329.0259999999998,-91.05
L369P,L,369,P,,,960.895,-68.8
L369M,L,369,M,0.0,1.0,1446.2065,-93.4
K370T,K,370,T,-1.0,1.0,1236.2024999999999,-78.75
K370R,K,370,R,-1.0,1.0,1565.981,-92.45
K370E,K,370,E,,,1154.6972500000002,-87.1
K370M,K,370,M,-1.0,1.0,728.7172499999999,-47.349999999999994
K370Q,K,370,Q,,,1183.3815,-79.5
K370N,K,370,N,,,1096.585,-72.8
S371A,S,371,A,,,1709.7305000000001,-97.75
S371P,S,371,P,,,1612.04875,-94.69999999999999
S371T,S,371,T,,,1039.796,-71.2
S371C,S,371,C,,,1402.9569999999999,-94.2
S371F,S,371,F,-1.0,1.0,1310.87975,-87.0
S371Y,S,371,Y,-1.0,1.0,1368.6325000000002,-91.85
K372E,K,372,E,-1.0,1.0,954.563,-74.65
K372T,K,372,T,-1.0,1.0,1049.50175,-78.85
K372R,K,372,R,-1.0,1.0,1305.41325,-90.6
K372N,K,372,N,,,1180.39225,-82.15
K372I,K,372,I,,,1576.9592499999999,-93.55000000000001
K372Q,K,372,Q,,,1075.9499999999998,-80.55
K373E,K,373,E,,,885.836,-69.19999999999999
K373N,K,373,N,-1.0,1.0,937.5060000000001,-73.35
K373T,K,373,T,,,1010.49,-74.65
K373R,K,373,R,-1.0,1.0,1444.0955,-87.8
K373Q,K,373,Q,,,990.6700000000001,-70.4
K373M,K,373,M,-1.0,1.0,884.3675000000001,-68.85
G374S,G,374,S,-1.0,1.0,1202.48125,-90.0
G374R,G,374,R,0.0,3.0,1394.2127500000001,-94.35
G374D,G,374,D,-1.0,1.0,1026.608,-75.5
G374C,G,374,C,-1.0,1.0,981.5619999999999,-77.7
G374A,G,374,A,,,1071.7930000000001,-76.25
G374V,G,374,V,-1.0,1.0,879.658,-77.1
Q375E,Q,375,E,,,1127.56075,-80.94999999999999
Q375H,Q,375,H,-1.0,1.0,981.88325,-71.85
Q375K,Q,375,K,0.0,1.0,1056.42525,-81.95
Q375L,Q,375,L,,,945.78125,-75.05
Q375P,Q,375,P,,,1216.68175,-86.5
Q375R,Q,375,R,,,346.76675,-9.8
S376A,S,376,A,,,789.8585,-60.15
S376C,S,376,C,,,1134.77025,-89.4
S376F,S,376,F,-1.0,1.0,1058.59625,-75.95
S376P,S,376,P,,,1121.659,-73.2
S376T,S,376,T,,,1091.47075,-75.95
S376Y,S,376,Y,,,924.2537500000001,-69.15
T377S,T,377,S,-1.0,1.0,2205.1465,-140.95
T377P,T,377,P,-1.0,1.0,977.8820000000001,-75.65
T377N,T,377,N,,,1038.13725,-76.80000000000001
T377I,T,377,I,-1.0,1.0,1210.97425,-86.95
T377A,T,377,A,-1.0,2.0,919.14725,-72.5
S378Y,S,378,Y,-1.0,1.0,1061.07225,-78.30000000000001
S378T,S,378,T,0.0,1.0,1034.43725,-78.45
S378P,S,378,P,,,1146.9247500000001,-81.0
S378F,S,378,F,,,906.5915,-72.1
S378C,S,378,C,-1.0,1.0,897.97775,-68.75
S378A,S,378,A,,,1105.19675,-79.4
R379C,R,379,C,-1.0,1.0,863.98775,-69.05000000000001
R379G,R,379,G,,,1018.9269999999999,-78.55
R379L,R,379,L,0.0,3.0,905.8454999999999,-71.4
R379H,R,379,H,0.0,3.0,1174.76775,-77.80000000000001
R379P,R,379,P,,,938.1812500000001,-69.19999999999999
R379S,R,379,S,0.0,3.0,902.031,-68.0
H380N,H,380,N,,,1008.134,-78.15
H380R,H,380,R,-1.0,1.0,1142.01675,-86.25
H380Q,H,380,Q,,,1118.55625,-85.2
H380P,H,380,P,,,1236.0812500000002,-81.55000000000001
H380D,H,380,D,,,870.0550000000001,-66.05
H380L,H,380,L,,,1862.21425,-98.4
H380Y,H,380,Y,,,1066.89275,-78.65
K381E,K,381,E,-1.0,2.0,853.222,-62.5
K381I,K,381,I,,,1157.2220000000002,-73.2
K381N,K,381,N,-1.0,1.0,893.071,-65.55000000000001
K381T,K,381,T,,,913.52025,-71.9
K381Q,K,381,Q,,,842.1335,-65.35
K381R,K,381,R,,,919.49275,-69.4
K382T,K,382,T,-1.0,2.0,986.7719999999999,-71.1
K382R,K,382,R,,,1331.08675,-89.85
K382Q,K,382,Q,,,929.3515,-69.05000000000001
K382N,K,382,N,,,1194.5967500000002,-84.45
K382I,K,382,I,-1.0,1.0,1223.105,-73.30000000000001
K382E,K,382,E,,,1124.0529999999999,-74.69999999999999
L383F,L,383,F,-1.0,1.0,1679.5705,-97.44999999999999
L383H,L,383,H,,,1059.2060000000001,-72.75
L383I,L,383,I,,,1230.46375,-86.75
L383P,L,383,P,-1.0,1.0,798.93025,-60.599999999999994
L383R,L,383,R,,,1692.328,-102.5
L383V,L,383,V,,,875.01675,-62.1
M384T,M,384,T,0.0,3.0,1236.81975,-88.75
M384V,M,384,V,0.0,3.0,935.217,-66.55000000000001
M384I,M,384,I,-1.0,1.0,1363.176,-88.15
M384K,M,384,K,,,1680.3429999999998,-96.45
M384L,M,384,L,-1.0,1.0,1482.23,-94.75
M384R,M,384,R,-1.0,1.0,2160.107,-126.65
F385C,F,385,C,,,1303.05725,-80.35
F385I,F,385,I,,,1257.51675,-78.9
F385L,F,385,L,0.0,1.0,1281.84525,-80.65
F385S,F,385,S,,,1748.2692499999998,-98.1
F385V,F,385,V,,,906.37175,-70.95
F385Y,F,385,Y,,,1703.09,-100.85
K386E,K,386,E,,,2203.98425,-117.0
K386M,K,386,M,,,2117.12525,-120.6
K386N,K,386,N,,,2189.42325,-126.85
K386Q,K,386,Q,,,2061.6327499999998,-116.45
K386R,K,386,R,-1.0,1.0,2196.636,-121.69999999999999
K386T,K,386,T,,,2026.33975,-112.94999999999999
T387K,T,387,K,,,2132.2430000000004,-123.9
T387S,T,387,S,,,1835.857,-103.7
T387R,T,387,R,-1.0,1.0,1772.769,-102.0
T387P,T,387,P,0.0,1.0,1903.588,-105.69999999999999
T387I,T,387,I,,,1638.45275,-99.05
T387A,T,387,A,,,1972.5185,-111.6
E388D,E,388,D,0.0,1.0,1837.3335,-97.6
E388G,E,388,G,,,2189.2955,-116.85
E388K,E,388,K,,,2186.4612500000003,-116.35
E388Q,E,388,Q,0.0,1.0,2184.4809999999998,-119.1
E388V,E,388,V,,,2079.65075,-107.35
E388A,E,388,A,0.0,3.0,1839.3474999999999,-100.1
G389V,G,389,V,,,1191.86375,-79.75
G389R,G,389,R,-1.0,1.0,1500.69025,-88.25
G389W,G,389,W,-1.0,0.0,1424.6575,-82.15
G389A,G,389,A,,,1230.32825,-78.94999999999999
G389E,G,389,E,,,894.56225,-67.9
P390T,P,390,T,-1.0,1.0,898.40625,-60.3
P390S,P,390,S,,,1166.41475,-74.4
P390R,P,390,R,,,1628.6592500000002,-84.35
P390A,P,390,A,,,1434.3085,-88.0
P390L,P,390,L,,,1326.7845,-79.94999999999999
P390H,P,390,H,,,1242.9665,-77.15
D391Y,D,391,Y,,,775.08875,-50.85
D391V,D,391,V,,,1451.426,-80.8
D391N,D,391,N,-1.0,1.0,1436.2939999999999,-81.15
D391E,D,391,E,-1.0,2.0,1383.03575,-80.6
D391G,D,391,G,,,1812.0742500000001,-96.44999999999999
D391A,D,391,A,,,1571.709,-90.2
D391H,D,391,H,,,1106.245,-60.75
S392A,S,392,A,,,1456.577,-92.1
S392L,S,392,L,,,1712.49675,-95.45
S392P,S,392,P,-1.0,1.0,1350.792,-83.9
S392T,S,392,T,,,1276.4835,-82.45
D393V,D,393,V,-1.0,1.0,1422.5702500000002,-85.55
D393N,D,393,N,-1.0,1.0,1986.0935,-111.25
D393H,D,393,H,-1.0,1.0,2029.38075,-115.44999999999999
D393G,D,393,G,-1.0,1.0,1465.4412499999999,-87.55
D393E,D,393,E,-1.0,1.0,1846.07775,-107.15
D393A,D,393,A,,,1965.0725,-104.55000000000001
D393Y,D,393,Y,0.0,1.0,2120.50425,-130.85
