"sample","ahrr","epismoke","joehanes","epitob","smoking_raw","smoking","cohort"
"GSM1225377",0.62023,0.527815,0.643651111111111,0.6558575,1,"former","GSE50660"
"GSM1225378",0.7832,0.63676,0.747097777777778,0.751461666666667,0,"never","GSE50660"
"GSM1225379",0.7937,0.582435,0.69323,0.697203333333333,1,"former","GSE50660"
"GSM1225380",0.68128,0.54258,0.644797777777778,0.651999166666667,1,"former","GSE50660"
"GSM1225381",0.6803,0.559675,0.679316666666667,0.696608333333333,1,"former","GSE50660"
"GSM1225382",0.66804,0.57184,0.695637777777778,0.715320833333333,1,"former","GSE50660"
"GSM1225383",0.79756,0.621605,0.709183333333333,0.715113333333333,1,"former","GSE50660"
"GSM1225384",0.80933,0.62057,0.699921111111111,0.713734166666667,1,"former","GSE50660"
"GSM1225385",0.46641,0.4676,0.61756,0.623423333333333,1,"former","GSE50660"
"GSM1225386",0.86212,0.640295,0.714421111111111,0.712638333333333,0,"never","GSE50660"
"GSM1225387",0.71545,0.5609275,0.684327777777778,0.6978575,1,"former","GSE50660"
"GSM1225388",0.68632,0.5303775,0.632486666666667,0.647811666666667,1,"former","GSE50660"
"GSM1225389",0.81319,0.5984675,0.688322222222222,0.676651666666667,1,"former","GSE50660"
"GSM1225390",0.68374,0.56769,0.677925555555556,0.699500833333333,1,"former","GSE50660"
"GSM1225391",0.78287,0.5706775,0.689313333333333,0.7001575,1,"former","GSE50660"
"GSM1225392",0.76594,0.6258175,0.715431111111111,0.728946666666667,1,"former","GSE50660"
"GSM1225393",0.52153,0.4774575,0.61473,0.612556666666667,1,"former","GSE50660"
"GSM1225394",0.49781,0.4922225,0.640438888888889,0.6399825,1,"former","GSE50660"
"GSM1225395",0.49499,0.46083,0.601451111111111,0.604223333333333,1,"former","GSE50660"
"GSM1225396",0.58822,0.46574,0.6078,0.63135,1,"former","GSE50660"
"GSM1225397",0.55236,0.4882225,0.60479,0.60763,1,"former","GSE50660"
"GSM1225398",0.55076,0.49882,0.626514444444444,0.647996666666667,1,"former","GSE50660"
"GSM1225399",0.64728,0.5321075,0.6446,0.658659166666667,1,"former","GSE50660"
"GSM1225400",0.68301,0.5685025,0.677128888888889,0.691425833333333,1,"former","GSE50660"
"GSM1225401",0.82112,0.648145,0.731292222222222,0.738228333333333,1,"former","GSE50660"
"GSM1225402",0.62273,0.51974,0.642003333333333,0.67333,1,"former","GSE50660"
"GSM1225403",0.74845,0.58571,0.67231,0.688758333333333,1,"former","GSE50660"
"GSM1225404",0.50038,0.4567025,0.581214444444444,0.599559166666667,1,"former","GSE50660"
"GSM1225405",0.56185,0.4952125,0.617283333333333,0.643909166666667,1,"former","GSE50660"
"GSM1225406",0.47018,0.3945275,0.528622222222222,0.5370975,1,"former","GSE50660"
"GSM1225407",0.79734,0.6176075,0.71347,0.721030833333333,0,"never","GSE50660"
"GSM1225408",0.6155,0.508805,0.619551111111111,0.637104166666667,1,"former","GSE50660"
"GSM1225409",0.43559,0.442135,0.588536666666667,0.597948333333333,1,"former","GSE50660"
"GSM1225410",0.5596,0.5108775,0.640327777777778,0.653368333333333,1,"former","GSE50660"
"GSM1225411",0.66501,0.5191375,0.64187,0.652176666666667,1,"former","GSE50660"
"GSM1225412",0.83384,0.669795,0.729872222222222,0.7414925,1,"former","GSE50660"
"GSM1225413",0.5766,0.52258,0.635347777777778,0.658309166666667,1,"former","GSE50660"
"GSM1225414",0.5902,0.5091175,0.607151111111111,0.6370175,1,"former","GSE50660"
"GSM1225415",0.8533,0.67317,0.758825555555556,0.774091666666667,0,"never","GSE50660"
"GSM1225416",0.74572,0.5707625,0.668031111111111,0.682115833333333,1,"former","GSE50660"
"GSM1225417",0.66581,0.5190225,0.652296666666667,0.664900833333333,1,"former","GSE50660"
"GSM1225418",0.58755,0.5114125,0.652614444444444,0.675309166666667,1,"former","GSE50660"
"GSM1225419",0.84655,0.62497,0.725204444444445,0.723794166666667,0,"never","GSE50660"
"GSM1225420",0.8428,0.63245,0.721541111111111,0.723069166666667,1,"former","GSE50660"
"GSM1225421",0.65476,0.5613375,0.668061111111111,0.674928333333333,1,"former","GSE50660"
"GSM1225422",0.66492,0.555265,0.6728,0.6972325,1,"former","GSE50660"
"GSM1225423",0.84192,0.6079325,0.702658888888889,0.6798075,0,"never","GSE50660"
"GSM1225424",0.63745,0.54357,0.638312222222222,0.644135833333333,1,"former","GSE50660"
"GSM1225425",0.66718,0.5601725,0.669003333333333,0.6853,1,"former","GSE50660"
"GSM1225426",0.71498,0.5459475,0.669438888888889,0.659391666666667,1,"former","GSE50660"
"GSM1225427",0.84351,0.6606825,0.747353333333333,0.749950833333333,0,"never","GSE50660"
"GSM1225428",0.81649,0.6510575,0.74786,0.726865833333333,0,"never","GSE50660"
"GSM1225429",0.49956,0.473515,0.628362222222222,0.649206666666667,1,"former","GSE50660"
"GSM1225430",0.75096,0.5699075,0.669726666666667,0.665875833333333,1,"former","GSE50660"
"GSM1225431",0.57107,0.5305125,0.646051111111111,0.6698975,1,"former","GSE50660"
"GSM1225432",0.6301,0.507385,0.636176666666667,0.622468333333333,1,"former","GSE50660"
"GSM1225433",0.60298,0.50996,0.648055555555556,0.67045,1,"former","GSE50660"
"GSM1225434",0.81358,0.6085775,0.694715555555556,0.700923333333333,0,"never","GSE50660"
"GSM1225435",0.66894,0.57321,0.687096666666667,0.6945525,1,"former","GSE50660"
"GSM1225436",0.82299,0.650605,0.753156666666667,0.753684166666667,0,"never","GSE50660"
"GSM1225437",0.59885,0.47123,0.595715555555556,0.591870833333333,1,"former","GSE50660"
"GSM1225438",0.84535,0.631155,0.724534444444445,0.700635833333333,1,"former","GSE50660"
"GSM1225439",0.5169,0.47302,0.614927777777778,0.630465,1,"former","GSE50660"
"GSM1225440",0.5924,0.51873,0.63704,0.653409166666667,1,"former","GSE50660"
"GSM1225441",0.8125,0.6144425,0.703013333333333,0.7090875,1,"former","GSE50660"
"GSM1225442",0.55531,0.5180525,0.645846666666667,0.6523825,1,"former","GSE50660"
"GSM1225443",0.61273,0.4757675,0.628335555555556,0.649301666666667,1,"former","GSE50660"
"GSM1225444",0.56396,0.5096975,0.643463333333333,0.653798333333333,1,"former","GSE50660"
"GSM1225445",0.86355,0.6573375,0.760956666666667,0.756731666666667,0,"never","GSE50660"
"GSM1225446",0.80363,0.6301725,0.737773333333333,0.736815,0,"never","GSE50660"
"GSM1225447",0.62011,0.531315,0.643278888888889,0.652305,1,"former","GSE50660"
"GSM1225448",0.85555,0.6444175,0.719597777777778,0.721591666666667,1,"former","GSE50660"
"GSM1225449",0.43397,0.41813,0.58378,0.575505833333333,1,"former","GSE50660"
"GSM1225450",0.74797,0.5893025,0.69105,0.708538333333333,1,"former","GSE50660"
"GSM1225451",0.84512,0.630745,0.732764444444445,0.723949166666667,0,"never","GSE50660"
"GSM1225452",0.82381,0.6356425,0.728894444444445,0.733888333333333,1,"former","GSE50660"
"GSM1225453",0.51227,0.45833,0.610641111111111,0.623571666666667,1,"former","GSE50660"
"GSM1225454",0.68785,0.5306125,0.657352222222222,0.658740833333333,1,"former","GSE50660"
"GSM1225455",0.48584,0.4897925,0.638175555555555,0.6463625,1,"former","GSE50660"
"GSM1225456",0.6237,0.5420375,0.649374444444444,0.673704166666667,1,"former","GSE50660"
"GSM1225457",0.64637,0.5431425,0.660105555555556,0.661475833333333,1,"former","GSE50660"
"GSM1225458",0.70421,0.56795,0.684101111111111,0.701161666666667,1,"former","GSE50660"
"GSM1225459",0.61344,0.53185,0.66466,0.682011666666667,1,"former","GSE50660"
"GSM1225460",0.82961,0.623435,0.723675555555555,0.7235725,0,"never","GSE50660"
"GSM1225461",0.59716,0.5174525,0.636884444444444,0.660341666666667,1,"former","GSE50660"
"GSM1225462",0.55113,0.4720075,0.644897777777778,0.669973333333333,1,"former","GSE50660"
"GSM1225463",0.70672,0.5788825,0.683637777777778,0.693559166666667,1,"former","GSE50660"
"GSM1225464",0.496,0.46628,0.600502222222222,0.593899166666667,1,"former","GSE50660"
"GSM1225465",0.83257,0.6354575,0.716667777777778,0.7085225,1,"former","GSE50660"
"GSM1225466",0.70741,0.54124,0.65935,0.670640833333333,1,"former","GSE50660"
"GSM1225467",0.53933,0.4648625,0.614624444444444,0.6490375,1,"former","GSE50660"
"GSM1225468",0.42047,0.4445725,0.588067777777778,0.609808333333333,1,"former","GSE50660"
"GSM1225469",0.86096,0.65529,0.729607777777778,0.732889166666667,0,"never","GSE50660"
"GSM1225470",0.8572,0.62042,0.707754444444444,0.709053333333333,1,"former","GSE50660"
"GSM1225471",0.85595,0.64248,0.732508888888889,0.735740833333333,1,"former","GSE50660"
"GSM1225472",0.52816,0.498085,0.633765555555556,0.63242,1,"former","GSE50660"
"GSM1225473",0.85125,0.6539625,0.743308888888889,0.745986666666667,1,"former","GSE50660"
"GSM1225474",0.78473,0.6642375,0.758373333333333,0.766203333333333,0,"never","GSE50660"
"GSM1225475",0.80986,0.575925,0.672316666666667,0.673228333333333,1,"former","GSE50660"
"GSM1225476",0.5576,0.50937,0.636428888888889,0.66284,1,"former","GSE50660"
"GSM1225477",0.70541,0.5780475,0.676932222222222,0.695560833333333,1,"former","GSE50660"
"GSM1225478",0.85904,0.636435,0.730626666666667,0.72796,1,"former","GSE50660"
"GSM1225479",0.67389,0.61327,0.709654444444444,0.722739166666667,1,"former","GSE50660"
"GSM1225480",0.86114,0.6468275,0.744132222222222,0.742716666666667,1,"former","GSE50660"
"GSM1225481",0.86163,0.6386375,0.73429,0.739116666666667,1,"former","GSE50660"
"GSM1225482",0.81943,0.5933525,0.683503333333333,0.693271666666667,1,"former","GSE50660"
"GSM1225483",0.54593,0.4892675,0.630533333333333,0.6477325,1,"former","GSE50660"
"GSM1225484",0.55878,0.50957,0.638135555555556,0.659796666666667,1,"former","GSE50660"
"GSM1225485",0.68988,0.548335,0.66261,0.629689166666667,1,"former","GSE50660"
"GSM1225486",0.82579,0.6540475,0.739315555555555,0.737589166666667,1,"former","GSE50660"
"GSM1225487",0.84131,0.6527425,0.725311111111111,0.735454166666667,1,"former","GSE50660"
"GSM1225488",0.66934,0.5698675,0.683637777777778,0.670861666666667,1,"former","GSE50660"
"GSM1225489",0.74531,0.55125,0.656216666666667,0.669075,1,"former","GSE50660"
"GSM1225490",0.65899,0.5449275,0.667373333333333,0.6816225,1,"former","GSE50660"
"GSM1225491",0.58828,0.5158775,0.64172,0.653661666666667,1,"former","GSE50660"
"GSM1225492",0.83507,0.637205,0.738287777777778,0.74211,0,"never","GSE50660"
"GSM1225493",0.70549,0.554605,0.667558888888889,0.679985,1,"former","GSE50660"
"GSM1225494",0.7906,0.5959425,0.695432222222222,0.712420833333333,1,"former","GSE50660"
"GSM1225495",0.56936,0.502825,0.655396666666667,0.668996666666667,1,"former","GSE50660"
"GSM1225496",0.84483,0.636615,0.71662,0.724541666666667,1,"former","GSE50660"
"GSM1225497",0.78802,0.60397,0.68568,0.698505833333333,1,"former","GSE50660"
"GSM1225498",0.84009,0.648555,0.722153333333333,0.723895833333333,0,"never","GSE50660"
"GSM1225499",0.65835,0.56901,0.681537777777778,0.705335833333333,1,"former","GSE50660"
"GSM1225500",0.86999,0.658955,0.742954444444444,0.744069166666667,1,"former","GSE50660"
"GSM1225501",0.71918,0.52598,0.646312222222222,0.660933333333333,1,"former","GSE50660"
"GSM1225502",0.67392,0.574345,0.668826666666667,0.6867475,1,"former","GSE50660"
"GSM1225503",0.71195,0.52916,0.64996,0.65921,1,"former","GSE50660"
"GSM1225504",0.44881,0.462415,0.612211111111111,0.625410833333333,1,"former","GSE50660"
"GSM1225505",0.66364,0.542175,0.664078888888889,0.6540225,1,"former","GSE50660"
"GSM1225506",0.8834,0.6384375,0.718853333333333,0.722144166666667,0,"never","GSE50660"
"GSM1225507",0.72126,0.5657525,0.673147777777778,0.6775775,1,"former","GSE50660"
"GSM1225508",0.77004,0.5343,0.632351111111111,0.647409166666667,1,"former","GSE50660"
"GSM1225509",0.49601,0.4830725,0.629962222222222,0.648274166666667,1,"former","GSE50660"
"GSM1225510",0.5439,0.495405,0.627148888888889,0.6560375,1,"former","GSE50660"
"GSM1225511",0.64324,0.547445,0.677954444444444,0.688405833333333,1,"former","GSE50660"
"GSM1225512",0.59292,0.523525,0.652225555555556,0.6378275,1,"former","GSE50660"
"GSM1225513",0.83732,0.62385,0.719562222222222,0.719246666666666,1,"former","GSE50660"
"GSM1225514",0.45912,0.48251,0.613992222222222,0.6254675,1,"former","GSE50660"
"GSM1225515",0.75584,0.5796475,0.697002222222222,0.703964166666667,1,"former","GSE50660"
"GSM1225516",0.49592,0.45014,0.596891111111111,0.5939875,1,"former","GSE50660"
"GSM1225517",0.70162,0.56183,0.673501111111111,0.6858125,1,"former","GSE50660"
"GSM1225518",0.62649,0.521745,0.649852222222222,0.640379166666667,1,"former","GSE50660"
"GSM1225519",0.81696,0.5932675,0.687582222222222,0.699434166666666,1,"former","GSE50660"
"GSM1225520",0.81178,0.62539,0.726032222222222,0.725481666666667,0,"never","GSE50660"
"GSM1225521",0.81178,0.6049275,0.704135555555556,0.67719,0,"never","GSE50660"
"GSM1225522",0.50617,0.4869825,0.628091111111111,0.6357375,1,"former","GSE50660"
"GSM1225523",0.82396,0.6066225,0.700496666666667,0.6991525,0,"never","GSE50660"
"GSM1225524",0.82392,0.64306,0.738086666666667,0.731448333333333,0,"never","GSE50660"
"GSM1225525",0.67659,0.5386875,0.665896666666667,0.676778333333333,1,"former","GSE50660"
"GSM1225526",0.80768,0.6087275,0.699115555555556,0.699513333333333,1,"former","GSE50660"
"GSM1225527",0.78933,0.601655,0.715686666666667,0.717149166666667,0,"never","GSE50660"
"GSM1225528",0.57757,0.480675,0.610936666666667,0.603086666666667,1,"former","GSE50660"
"GSM1225529",0.56847,0.5263025,0.635857777777778,0.654206666666667,1,"former","GSE50660"
"GSM1225530",0.68794,0.5138625,0.646788888888889,0.659156666666667,1,"former","GSE50660"
"GSM1225531",0.62991,0.485155,0.614258888888889,0.632034166666667,1,"former","GSE50660"
"GSM1225532",0.69232,0.5180675,0.613994444444444,0.630075,1,"former","GSE50660"
"GSM1225533",0.58894,0.5274575,0.642836666666667,0.660893333333333,1,"former","GSE50660"
"GSM1225534",0.85778,0.6174125,0.709945555555556,0.711961666666667,1,"former","GSE50660"
"GSM1225535",0.64313,0.48574,0.619264444444444,0.634758333333333,1,"former","GSE50660"
"GSM1225536",0.48154,0.505315,0.632134444444444,0.63926,1,"former","GSE50660"
"GSM1225537",0.77704,0.5731725,0.662733333333333,0.6729925,1,"former","GSE50660"
"GSM1225538",0.7808,0.5920175,0.669512222222222,0.686743333333333,1,"former","GSE50660"
"GSM1225539",0.51913,0.460225,0.623444444444444,0.627768333333333,1,"former","GSE50660"
"GSM1225540",0.66079,0.5526775,0.66631,0.682169166666667,1,"former","GSE50660"
"GSM1225541",0.79629,0.6217525,0.721476666666667,0.730001666666667,1,"former","GSE50660"
"GSM1225542",0.65683,0.5150325,0.614568888888889,0.630230833333333,1,"former","GSE50660"
"GSM1225543",0.81943,0.6235125,0.721413333333333,0.714570833333333,1,"former","GSE50660"
"GSM1225544",0.49621,0.4823025,0.625634444444444,0.638526666666667,1,"former","GSE50660"
"GSM1225545",0.65002,0.55716,0.680105555555556,0.69924,0,"never","GSE50660"
"GSM1225546",0.78585,0.5956,0.683864444444444,0.688608333333333,1,"former","GSE50660"
"GSM1225547",0.77159,0.6350325,0.722624444444444,0.737000833333333,1,"former","GSE50660"
"GSM1225548",0.71984,0.570995,0.669526666666667,0.684849166666667,1,"former","GSE50660"
"GSM1225549",0.66545,0.5687525,0.663348888888889,0.687899166666667,1,"former","GSE50660"
"GSM1225550",0.8276,0.6539725,0.748064444444444,0.75452,1,"former","GSE50660"
"GSM1225551",0.85662,0.6251025,0.717945555555556,0.720439166666667,0,"never","GSE50660"
"GSM1225552",0.79473,0.589395,0.679895555555555,0.687025833333333,0,"never","GSE50660"
"GSM1225553",0.84515,0.58576,0.673135555555555,0.673450833333333,1,"former","GSE50660"
"GSM1225554",0.83218,0.67733,0.748324444444445,0.749135,1,"former","GSE50660"
"GSM1225555",0.84493,0.6435125,0.731297777777778,0.7365725,0,"never","GSE50660"
"GSM1225556",0.84503,0.648705,0.726876666666667,0.730816666666667,1,"former","GSE50660"
"GSM1225557",0.79823,0.6235725,0.714393333333333,0.716094166666667,1,"former","GSE50660"
"GSM1225558",0.79478,0.624175,0.734306666666667,0.7432175,1,"former","GSE50660"
"GSM1225559",0.84717,0.63681,0.728873333333333,0.720960833333333,0,"never","GSE50660"
"GSM1225560",0.67131,0.5234725,0.6649,0.642285833333333,1,"former","GSE50660"
"GSM1225561",0.79722,0.644505,0.735267777777778,0.7329275,1,"former","GSE50660"
"GSM1225562",0.68329,0.572235,0.680316666666667,0.694328333333333,1,"former","GSE50660"
"GSM1225563",0.78065,0.60521,0.711084444444444,0.726354166666667,1,"former","GSE50660"
"GSM1225564",0.69664,0.544745,0.641548888888889,0.655425,1,"former","GSE50660"
"GSM1225565",0.6023,0.50655,0.639001111111111,0.647001666666667,1,"former","GSE50660"
"GSM1225566",0.44317,0.444325,0.584146666666667,0.581931666666667,1,"former","GSE50660"
"GSM1225567",0.77639,0.6271625,0.735956666666667,0.704611666666667,1,"former","GSE50660"
"GSM1225568",0.74267,0.577325,0.691704444444444,0.703393333333334,1,"former","GSE50660"
"GSM1225569",0.7265,0.6105,0.691633333333333,0.706813333333333,1,"former","GSE50660"
"GSM1225570",0.74022,0.5700975,0.685683333333333,0.694580833333333,1,"former","GSE50660"
"GSM1225571",0.77667,0.6296325,0.716276666666667,0.72307,1,"former","GSE50660"
"GSM1225572",0.59877,0.5248575,0.639135555555555,0.639769166666667,1,"former","GSE50660"
"GSM1225573",0.85027,0.64101,0.735331111111111,0.730315833333333,0,"never","GSE50660"
"GSM1225574",0.82329,0.6345,0.72826,0.733778333333333,0,"never","GSE50660"
"GSM1225575",0.85719,0.6486525,0.73827,0.7355075,0,"never","GSE50660"
"GSM1225576",0.73595,0.5744025,0.681653333333333,0.693598333333333,1,"former","GSE50660"
"GSM1225577",0.64014,0.5349375,0.661021111111111,0.6750875,1,"former","GSE50660"
"GSM1225578",0.55733,0.4949675,0.632616666666667,0.617524166666667,1,"former","GSE50660"
"GSM1225579",0.8066,0.61176,0.702641111111111,0.703618333333333,1,"former","GSE50660"
"GSM1225580",0.82025,0.656825,0.757421111111111,0.75551,0,"never","GSE50660"
"GSM1225581",0.52701,0.467945,0.626852222222222,0.630894166666667,1,"former","GSE50660"
"GSM1225582",0.63163,0.533895,0.649842222222222,0.644180833333333,1,"former","GSE50660"
"GSM1225583",0.82987,0.64643,0.74367,0.7425775,0,"never","GSE50660"
"GSM1225584",0.78574,0.62889,0.730245555555556,0.7440625,0,"never","GSE50660"
"GSM1225585",0.72149,0.58038,0.683308888888889,0.683466666666667,0,"never","GSE50660"
"GSM1225586",0.82467,0.6056225,0.713522222222222,0.713651666666667,1,"former","GSE50660"
"GSM1225587",0.79471,0.6521025,0.749266666666667,0.745899166666667,1,"former","GSE50660"
"GSM1225588",0.72739,0.5662225,0.681632222222222,0.7016175,1,"former","GSE50660"
"GSM1225589",0.83023,0.6252025,0.739006666666667,0.7356975,0,"never","GSE50660"
"GSM1225590",0.60068,0.5125575,0.645493333333333,0.657844166666667,2,"current","GSE50660"
"GSM1225591",0.77539,0.590925,0.679191111111111,0.67505,1,"former","GSE50660"
"GSM1225592",0.85167,0.638165,0.73145,0.739965,1,"former","GSE50660"
"GSM1225593",0.84186,0.638285,0.748937777777778,0.749503333333334,0,"never","GSE50660"
"GSM1225594",0.88981,0.6699725,0.744246666666667,0.7412325,0,"never","GSE50660"
"GSM1225595",0.82921,0.67588,0.756274444444444,0.760753333333334,0,"never","GSE50660"
"GSM1225596",0.81796,0.6656175,0.747907777777778,0.745528333333333,1,"former","GSE50660"
"GSM1225597",0.8626,0.62441,0.703662222222222,0.7042675,0,"never","GSE50660"
"GSM1225598",0.88136,0.64514,0.72863,0.742454166666667,1,"former","GSE50660"
"GSM1225599",0.80198,0.6308825,0.744303333333333,0.7501225,1,"former","GSE50660"
"GSM1225600",0.82339,0.64336,0.721804444444444,0.7255625,0,"never","GSE50660"
"GSM1225601",0.85839,0.6343325,0.73248,0.703561666666667,0,"never","GSE50660"
"GSM1225602",0.8439,0.6484025,0.7479,0.748483333333333,0,"never","GSE50660"
"GSM1225603",0.77304,0.6148175,0.728308888888889,0.727065,1,"former","GSE50660"
"GSM1225604",0.83516,0.6374175,0.753901111111111,0.741879166666667,0,"never","GSE50660"
"GSM1225605",0.83995,0.6065725,0.711362222222222,0.705211666666667,0,"never","GSE50660"
"GSM1225606",0.84276,0.66172,0.760093333333333,0.7635075,0,"never","GSE50660"
"GSM1225607",0.7644,0.6020375,0.715488888888889,0.7227675,1,"former","GSE50660"
"GSM1225608",0.77164,0.6019225,0.712623333333333,0.714316666666667,1,"former","GSE50660"
"GSM1225609",0.72634,0.5343,0.641783333333333,0.6527275,1,"former","GSE50660"
"GSM1225610",0.82318,0.610235,0.702228888888889,0.702155,0,"never","GSE50660"
"GSM1225611",0.82849,0.5849275,0.670595555555556,0.6816975,1,"former","GSE50660"
"GSM1225612",0.85947,0.66711,0.738065555555556,0.735480833333333,0,"never","GSE50660"
"GSM1225613",0.79705,0.6375075,0.721812222222222,0.731818333333333,1,"former","GSE50660"
"GSM1225614",0.84196,0.656015,0.749685555555556,0.747389166666667,0,"never","GSE50660"
"GSM1225615",0.86173,0.6277025,0.713244444444444,0.716593333333333,1,"former","GSE50660"
"GSM1225616",0.77552,0.6396725,0.740391111111111,0.747291666666667,1,"former","GSE50660"
"GSM1225617",0.84634,0.6826525,0.773678888888889,0.776075,0,"never","GSE50660"
"GSM1225618",0.70911,0.543625,0.647387777777778,0.658763333333333,2,"current","GSE50660"
"GSM1225619",0.83496,0.6514475,0.741765555555556,0.745471666666667,0,"never","GSE50660"
"GSM1225620",0.82108,0.6781225,0.751888888888889,0.737346666666667,0,"never","GSE50660"
"GSM1225621",0.857,0.65099,0.748583333333333,0.746511666666667,0,"never","GSE50660"
"GSM1225622",0.81178,0.6131725,0.706711111111111,0.7091875,0,"never","GSE50660"
"GSM1225623",0.82042,0.6497975,0.755968888888889,0.753893333333333,0,"never","GSE50660"
"GSM1225624",0.91275,0.6386675,0.711311111111111,0.705670833333333,1,"former","GSE50660"
"GSM1225625",0.88373,0.6529975,0.731357777777778,0.7305775,0,"never","GSE50660"
"GSM1225626",0.82673,0.6679825,0.755321111111111,0.751839166666667,1,"former","GSE50660"
"GSM1225627",0.87035,0.642535,0.701868888888889,0.707048333333333,0,"never","GSE50660"
"GSM1225628",0.89453,0.6480575,0.735541111111111,0.731,1,"former","GSE50660"
"GSM1225629",0.8339,0.6221525,0.703684444444444,0.712961666666667,1,"former","GSE50660"
"GSM1225630",0.86512,0.6473375,0.701383333333333,0.700026666666667,0,"never","GSE50660"
"GSM1225631",0.85908,0.5910975,0.68826,0.68501,0,"never","GSE50660"
"GSM1225632",0.81037,0.6035225,0.721127777777778,0.726009166666667,1,"former","GSE50660"
"GSM1225633",0.84883,0.6201875,0.70456,0.715668333333333,0,"never","GSE50660"
"GSM1225634",0.85858,0.6374625,0.73676,0.736590833333333,0,"never","GSE50660"
"GSM1225635",0.83711,0.63013,0.718797777777778,0.716185833333333,0,"never","GSE50660"
"GSM1225636",0.83555,0.6485025,0.743487777777778,0.747334166666667,0,"never","GSE50660"
"GSM1225637",0.83323,0.6063725,0.709706666666667,0.711505833333333,1,"former","GSE50660"
"GSM1225638",0.83933,0.640395,0.743543333333333,0.7403025,0,"never","GSE50660"
"GSM1225639",0.8322,0.627535,0.727765555555556,0.7261675,0,"never","GSE50660"
"GSM1225640",0.80981,0.6433025,0.751137777777778,0.75305,0,"never","GSE50660"
"GSM1225641",0.85004,0.6479775,0.728395555555556,0.7236025,0,"never","GSE50660"
"GSM1225642",0.81932,0.6338875,0.717198888888889,0.724449166666667,0,"never","GSE50660"
"GSM1225643",0.88258,0.66328,0.7455,0.741826666666667,0,"never","GSE50660"
"GSM1225644",0.88793,0.6368675,0.726165555555556,0.7307675,1,"former","GSE50660"
"GSM1225645",0.87194,0.672345,0.755901111111111,0.757990833333333,0,"never","GSE50660"
"GSM1225646",0.80259,0.633385,0.72747,0.731493333333333,0,"never","GSE50660"
"GSM1225647",0.87911,0.6781725,0.762911111111111,0.764649166666667,1,"former","GSE50660"
"GSM1225648",0.73942,0.604755,0.686502222222222,0.6998225,1,"former","GSE50660"
"GSM1225649",0.84797,0.5935125,0.70425,0.708435,0,"never","GSE50660"
"GSM1225650",0.86901,0.665415,0.748758888888889,0.712384166666667,0,"never","GSE50660"
"GSM1225651",0.86478,0.6596225,0.734188888888889,0.728765,1,"former","GSE50660"
"GSM1225652",0.88108,0.642255,0.720247777777778,0.724704166666667,0,"never","GSE50660"
"GSM1225653",0.88045,0.6801575,0.776295555555556,0.775255833333333,0,"never","GSE50660"
"GSM1225654",0.81405,0.6458325,0.737137777777778,0.7525625,0,"never","GSE50660"
"GSM1225655",0.64288,0.5407725,0.661752222222222,0.678581666666667,2,"current","GSE50660"
"GSM1225656",0.90032,0.67267,0.747304444444445,0.7521625,0,"never","GSE50660"
"GSM1225657",0.89508,0.65739,0.733265555555556,0.741768333333333,0,"never","GSE50660"
"GSM1225658",0.72444,0.562785,0.685953333333333,0.706205,1,"former","GSE50660"
"GSM1225659",0.54869,0.50982,0.634311111111111,0.658206666666667,2,"current","GSE50660"
"GSM1225660",0.82065,0.6261675,0.717678888888889,0.722668333333333,0,"never","GSE50660"
"GSM1225661",0.85604,0.66254,0.735555555555556,0.739188333333333,0,"never","GSE50660"
"GSM1225662",0.8429,0.66222,0.743771111111111,0.739133333333333,0,"never","GSE50660"
"GSM1225663",0.87089,0.6456175,0.732638888888889,0.731965,0,"never","GSE50660"
"GSM1225664",0.82257,0.6490275,0.745608888888889,0.750969166666667,0,"never","GSE50660"
"GSM1225665",0.84414,0.6726525,0.741601111111111,0.738863333333333,0,"never","GSE50660"
"GSM1225666",0.81451,0.653655,0.749342222222222,0.742700833333333,0,"never","GSE50660"
"GSM1225667",0.84709,0.6583925,0.743131111111111,0.742955833333333,0,"never","GSE50660"
"GSM1225668",0.55656,0.49072,0.625113333333333,0.632465833333333,2,"current","GSE50660"
"GSM1225669",0.82215,0.5776625,0.679912222222222,0.688304166666667,1,"former","GSE50660"
"GSM1225670",0.85814,0.6437025,0.733361111111111,0.719315,0,"never","GSE50660"
"GSM1225671",0.84216,0.6160925,0.701483333333333,0.702360833333333,0,"never","GSE50660"
"GSM1225672",0.85193,0.681245,0.747164444444444,0.7622975,0,"never","GSE50660"
"GSM1225673",0.88098,0.6352075,0.717901111111111,0.7154275,0,"never","GSE50660"
"GSM1225674",0.76241,0.6038925,0.702566666666667,0.712225,1,"former","GSE50660"
"GSM1225675",0.89459,0.66977,0.747697777777778,0.741896666666667,1,"former","GSE50660"
"GSM1225676",0.82092,0.614475,0.708673333333333,0.716328333333333,0,"never","GSE50660"
"GSM1225677",0.69898,0.5521725,0.6414,0.654970833333333,2,"current","GSE50660"
"GSM1225678",0.5034,0.49242,0.63163,0.645244166666667,2,"current","GSE50660"
"GSM1225679",0.83985,0.6221,0.721026666666667,0.71491,1,"former","GSE50660"
"GSM1225680",0.90332,0.691515,0.76149,0.757295833333333,0,"never","GSE50660"
"GSM1225681",0.89977,0.67823,0.762203333333333,0.756535833333333,0,"never","GSE50660"
"GSM1225682",0.80584,0.675475,0.757441111111111,0.755885833333333,0,"never","GSE50660"
"GSM1225683",0.88049,0.659015,0.738666666666667,0.721815,0,"never","GSE50660"
"GSM1225684",0.87034,0.6298475,0.723043333333333,0.718835833333333,0,"never","GSE50660"
"GSM1225685",0.89622,0.67677,0.760475555555555,0.760495833333333,0,"never","GSE50660"
"GSM1225686",0.86446,0.6466025,0.73255,0.731666666666667,0,"never","GSE50660"
"GSM1225687",0.82326,0.609805,0.718238888888889,0.729808333333334,1,"former","GSE50660"
"GSM1225688",0.87969,0.621845,0.727356666666667,0.720200833333333,0,"never","GSE50660"
"GSM1225689",0.85715,0.65465,0.746928888888889,0.742546666666667,0,"never","GSE50660"
"GSM1225690",0.77089,0.61911,0.71317,0.7232775,1,"former","GSE50660"
"GSM1225691",0.84585,0.6486525,0.741372222222222,0.740413333333333,0,"never","GSE50660"
"GSM1225692",0.86721,0.6420525,0.737118888888889,0.7314925,0,"never","GSE50660"
"GSM1225693",0.82938,0.568295,0.676336666666667,0.668715833333334,1,"former","GSE50660"
"GSM1225694",0.86225,0.6440075,0.736407777777778,0.732384166666667,0,"never","GSE50660"
"GSM1225695",0.88818,0.688305,0.759057777777778,0.76198,0,"never","GSE50660"
"GSM1225696",0.87618,0.6430875,0.73205,0.7208625,1,"former","GSE50660"
"GSM1225697",0.84607,0.6837675,0.763993333333333,0.767766666666667,0,"never","GSE50660"
"GSM1225698",0.79189,0.60973,0.70515,0.709706666666667,1,"former","GSE50660"
"GSM1225699",0.87562,0.65723,0.740518888888889,0.741461666666667,0,"never","GSE50660"
"GSM1225700",0.86146,0.6726825,0.745478888888889,0.754860833333333,0,"never","GSE50660"
"GSM1225701",0.82756,0.5997275,0.688487777777778,0.682683333333333,0,"never","GSE50660"
"GSM1225702",0.83013,0.6439075,0.733113333333333,0.734344166666666,0,"never","GSE50660"
"GSM1225703",0.75609,0.59442,0.705198888888889,0.709341666666667,1,"former","GSE50660"
"GSM1225704",0.82471,0.6527,0.745872222222222,0.750323333333333,0,"never","GSE50660"
"GSM1225705",0.87308,0.660435,0.745212222222222,0.7482925,0,"never","GSE50660"
"GSM1225706",0.68109,0.58818,0.694002222222222,0.707525,1,"former","GSE50660"
"GSM1225707",0.84541,0.66592,0.773094444444445,0.773481666666667,1,"former","GSE50660"
"GSM1225708",0.83411,0.6431525,0.747354444444445,0.751935833333333,0,"never","GSE50660"
"GSM1225709",0.80398,0.6260875,0.722696666666667,0.732105833333333,0,"never","GSE50660"
"GSM1225710",0.45441,0.45446,0.606535555555556,0.608626666666667,2,"current","GSE50660"
"GSM1225711",0.75495,0.5829425,0.673871111111111,0.6808925,0,"never","GSE50660"
"GSM1225712",0.82096,0.6589125,0.763554444444444,0.760466666666667,1,"former","GSE50660"
"GSM1225713",0.84216,0.6255025,0.705731111111111,0.712424166666667,1,"former","GSE50660"
"GSM1225714",0.81373,0.648695,0.732224444444444,0.734090833333333,0,"never","GSE50660"
"GSM1225715",0.82383,0.6294725,0.717397777777778,0.7157025,0,"never","GSE50660"
"GSM1225716",0.81877,0.625965,0.724571111111111,0.7300625,0,"never","GSE50660"
"GSM1225725",0.64304,0.5205525,0.667974444444444,0.680138333333333,1,"former","GSE50660"
"GSM1225726",0.75482,0.5551025,0.672427777777778,0.674511666666667,1,"former","GSE50660"
"GSM1225727",0.84254,0.66366,0.757187777777778,0.7430525,1,"former","GSE50660"
"GSM1225728",0.54521,0.4743175,0.623531111111111,0.620436666666667,2,"current","GSE50660"
"GSM1225729",0.70629,0.55579,0.639895555555556,0.655861666666667,1,"former","GSE50660"
"GSM1225730",0.88487,0.6545175,0.739947777777778,0.737390833333333,0,"never","GSE50660"
"GSM1225731",0.83537,0.64539,0.734992222222222,0.739689166666667,1,"former","GSE50660"
"GSM1225732",0.87455,0.66082,0.736618888888889,0.7327875,0,"never","GSE50660"
"GSM1225733",0.82579,0.60151,0.688385555555555,0.689473333333333,1,"former","GSE50660"
"GSM1225734",0.83088,0.67701,0.752473333333333,0.757990833333333,0,"never","GSE50660"
"GSM1225735",0.84418,0.68511,0.750304444444444,0.722896666666667,0,"never","GSE50660"
"GSM1225736",0.87378,0.63929,0.717634444444444,0.708700833333333,0,"never","GSE50660"
"GSM1225737",0.70744,0.5684075,0.685933333333333,0.6935875,1,"former","GSE50660"
"GSM1225738",0.67416,0.5500925,0.649343333333333,0.652631666666667,2,"current","GSE50660"
"GSM1225739",0.8001,0.62366,0.717277777777778,0.719389166666667,1,"former","GSE50660"
"GSM1225740",0.86682,0.6371875,0.74872,0.746324166666667,0,"never","GSE50660"
"GSM1225741",0.74579,0.6080575,0.722082222222222,0.7345825,1,"former","GSE50660"
"GSM1225742",0.71836,0.5337375,0.664368888888889,0.683943333333333,1,"former","GSE50660"
"GSM1225743",0.82674,0.62453,0.725228888888889,0.726494166666667,0,"never","GSE50660"
"GSM1225744",0.87957,0.6183525,0.71216,0.7147675,0,"never","GSE50660"
"GSM1225745",0.81644,0.6626075,0.753077777777778,0.7560375,0,"never","GSE50660"
"GSM1225746",0.81306,0.646825,0.740951111111111,0.731251666666667,0,"never","GSE50660"
"GSM1225747",0.84921,0.6097525,0.709155555555556,0.715090833333333,1,"former","GSE50660"
"GSM1225748",0.84124,0.6277925,0.727911111111111,0.732430833333333,0,"never","GSE50660"
"GSM1225749",0.82323,0.6485975,0.741658888888889,0.7440225,0,"never","GSE50660"
"GSM1225750",0.8245,0.615575,0.711717777777778,0.707695833333333,0,"never","GSE50660"
"GSM1225751",0.8526,0.65599,0.739962222222222,0.744361666666667,0,"never","GSE50660"
"GSM1225752",0.71947,0.613785,0.718413333333333,0.700333333333333,0,"never","GSE50660"
"GSM1225753",0.85277,0.6572925,0.746321111111111,0.74868,0,"never","GSE50660"
"GSM1225754",0.81965,0.6456875,0.733676666666667,0.738725,0,"never","GSE50660"
"GSM1225755",0.85477,0.6747575,0.754438888888889,0.7585375,0,"never","GSE50660"
"GSM1225756",0.78093,0.59309,0.687986666666667,0.698708333333333,0,"never","GSE50660"
"GSM1225757",0.8555,0.650935,0.74264,0.742035,0,"never","GSE50660"
"GSM1225758",0.67805,0.5735925,0.684953333333333,0.699845833333333,2,"current","GSE50660"
"GSM1225759",0.82544,0.6218675,0.719551111111111,0.720775833333333,0,"never","GSE50660"
"GSM1225760",0.82584,0.606055,0.719767777777778,0.722765,1,"former","GSE50660"
"GSM1225761",0.82831,0.613245,0.716297777777778,0.719993333333333,1,"former","GSE50660"
"GSM1225762",0.80821,0.6062475,0.687484444444444,0.697556666666667,1,"former","GSE50660"
"GSM1225763",0.83339,0.64813,0.748305555555556,0.750701666666667,0,"never","GSE50660"
"GSM1225764",0.83221,0.62406,0.692836666666667,0.6600975,0,"never","GSE50660"
"GSM1225792",0.58722,0.482655,0.629528888888889,0.646065,2,"current","GSE50660"
"GSM1225793",0.79757,0.610985,0.682656666666667,0.6873425,1,"former","GSE50660"
"GSM1225794",0.82065,0.622495,0.728912222222222,0.728455,1,"former","GSE50660"
"GSM1225795",0.83953,0.6329475,0.733408888888889,0.731066666666667,0,"never","GSE50660"
"GSM1225796",0.86013,0.650965,0.744167777777778,0.726855,0,"never","GSE50660"
"GSM1225797",0.77969,0.57503,0.672498888888889,0.6914525,1,"former","GSE50660"
"GSM1225798",0.86028,0.6862725,0.762144444444444,0.762255,0,"never","GSE50660"
"GSM1225799",0.82072,0.6366425,0.74674,0.744980833333333,0,"never","GSE50660"
"GSM1225801",0.85082,0.65896,0.752683333333333,0.751569166666667,0,"never","GSE50660"
"GSM1225802",0.8415,0.6513675,0.734762222222222,0.733008333333333,1,"former","GSE50660"
"GSM1225803",0.8788,0.64772,0.719916666666667,0.720621666666667,0,"never","GSE50660"
"GSM1225805",0.83945,0.6765325,0.754755555555556,0.740503333333333,0,"never","GSE50660"
"GSM1225807",0.70339,0.6061325,0.711772222222222,0.726308333333333,1,"former","GSE50660"
"GSM1225809",0.86262,0.67691,0.748977777777778,0.722620833333333,0,"never","GSE50660"
"GSM1225810",0.80054,0.64199,0.74153,0.72947,1,"former","GSE50660"
"GSM1225811",0.78615,0.6056175,0.710641111111111,0.7181,1,"former","GSE50660"
"GSM1225812",0.85386,0.6421775,0.732301111111111,0.713506666666667,0,"never","GSE50660"
"GSM1225813",0.88168,0.6523,0.734776666666667,0.734553333333333,0,"never","GSE50660"
"GSM1225814",0.84932,0.6582775,0.753413333333333,0.755178333333333,1,"former","GSE50660"
"GSM1225815",0.804,0.57979,0.68486,0.685965833333333,1,"former","GSE50660"
"GSM1225828",0.77484,0.61146,0.706513333333333,0.713449166666667,1,"former","GSE50660"
"GSM1225829",0.84326,0.6668225,0.747066666666667,0.743673333333333,0,"never","GSE50660"
"GSM1225830",0.83568,0.67979,0.771887777777778,0.776213333333333,0,"never","GSE50660"
"GSM1225831",0.85645,0.6356275,0.725556666666667,0.7369525,1,"former","GSE50660"
"GSM1225832",0.50876,0.4676325,0.622747777777778,0.636589166666667,2,"current","GSE50660"
"GSM1225833",0.83686,0.6088025,0.684977777777778,0.690758333333333,2,"current","GSE50660"
"GSM1225834",0.84731,0.63487,0.723736666666667,0.7212625,0,"never","GSE50660"
"GSM1225835",0.81656,0.6468825,0.754528888888889,0.757325833333333,1,"former","GSE50660"
"GSM1225836",0.84104,0.6200075,0.695425555555556,0.697516666666667,0,"never","GSE50660"
"GSM1225837",0.84668,0.64797,0.718442222222222,0.716445,0,"never","GSE50660"
"GSM1225838",0.84202,0.66425,0.753857777777778,0.7491,0,"never","GSE50660"
"GSM1225839",0.85473,0.6864375,0.76974,0.744155833333333,0,"never","GSE50660"
"GSM1225840",0.68991,0.562235,0.670074444444445,0.676010833333333,1,"former","GSE50660"
"GSM1225841",0.85355,0.64049,0.752496666666667,0.7482375,0,"never","GSE50660"
"GSM1225842",0.82442,0.66393,0.744966666666667,0.7518475,1,"former","GSE50660"
"GSM1225843",0.84404,0.6407925,0.742271111111111,0.7363475,1,"former","GSE50660"
"GSM1225844",0.70501,0.5488625,0.657805555555556,0.652713333333333,1,"former","GSE50660"
"GSM1225845",0.80944,0.6069425,0.714737777777778,0.716909166666667,1,"former","GSE50660"
"GSM1225846",0.84833,0.618705,0.718214444444444,0.721111666666667,0,"never","GSE50660"
"GSM1225847",0.79409,0.6136175,0.713911111111111,0.7122575,0,"never","GSE50660"
"GSM1225848",0.81235,0.62185,0.731888888888889,0.734999166666667,0,"never","GSE50660"
"GSM1225849",0.83861,0.643005,0.740283333333333,0.739515833333333,0,"never","GSE50660"
"GSM1225850",0.80653,0.61199,0.706397777777778,0.717151666666667,1,"former","GSE50660"
"GSM1225851",0.81084,0.644535,0.747723333333333,0.7471225,0,"never","GSE50660"
"GSM1225852",0.62397,0.5299275,0.654995555555555,0.661631666666667,1,"former","GSE50660"
"GSM1225853",0.75081,0.5905075,0.724008888888889,0.722014166666667,1,"former","GSE50660"
"GSM1225854",0.82851,0.652175,0.746964444444445,0.748735833333333,2,"current","GSE50660"
"GSM1225855",0.76086,0.5796975,0.697741111111111,0.704105,1,"former","GSE50660"
"GSM1225856",0.82313,0.6441675,0.728526666666667,0.728765,1,"former","GSE50660"
"GSM1225857",0.72534,0.61463,0.725421111111111,0.7376525,1,"former","GSE50660"
"GSM1225858",0.82579,0.61379,0.70947,0.710393333333333,1,"former","GSE50660"
"GSM1225859",0.85485,0.6204375,0.71402,0.719151666666667,1,"former","GSE50660"
"GSM1225860",0.84076,0.6135725,0.706962222222222,0.709390833333333,1,"former","GSE50660"
"GSM1225861",0.83618,0.6363225,0.731348888888889,0.732408333333333,1,"former","GSE50660"
"GSM1225862",0.81478,0.6417225,0.745888888888889,0.744359166666667,0,"never","GSE50660"
"GSM1225863",0.74171,0.5638075,0.683045555555556,0.69786,1,"former","GSE50660"
"GSM1225864",0.88569,0.6542325,0.735727777777778,0.715166666666667,0,"never","GSE50660"
"GSM1225865",0.78831,0.5941825,0.669097777777778,0.673610833333333,1,"former","GSE50660"
"GSM1225866",0.84178,0.61284,0.697247777777778,0.701694166666667,0,"never","GSE50660"
"GSM1225867",0.8482,0.6605975,0.756886666666667,0.758408333333333,0,"never","GSE50660"
"GSM1225868",0.88089,0.66499,0.725957777777778,0.701555833333333,0,"never","GSE50660"
"GSM1225869",0.84766,0.6399475,0.726377777777778,0.727091666666667,1,"former","GSE50660"
"GSM1225870",0.87024,0.6457375,0.715668888888889,0.7177125,1,"former","GSE50660"
"GSM1225871",0.8515,0.6545125,0.750512222222222,0.74992,0,"never","GSE50660"
"GSM1225872",0.86628,0.6313275,0.710463333333333,0.708079166666667,1,"former","GSE50660"
"GSM1225873",0.74102,0.5712825,0.682603333333333,0.702695,1,"former","GSE50660"
"GSM1225874",0.82932,0.6275125,0.731688888888889,0.737165,1,"former","GSE50660"
"GSM1225875",0.57317,0.4948725,0.597702222222222,0.616679166666667,2,"current","GSE50660"
"GSM1225876",0.84359,0.650685,0.73274,0.731453333333333,1,"former","GSE50660"
"GSM1225877",0.67466,0.5841675,0.706431111111111,0.7100775,0,"never","GSE50660"
"GSM1225878",0.85054,0.672845,0.74756,0.701038333333333,0,"never","GSE50660"
"GSM1225879",0.48629,0.4629125,0.595224444444444,0.622863333333333,2,"current","GSE50660"
"GSM1225880",0.84953,0.62009,0.706228888888889,0.712295833333333,0,"never","GSE50660"
"GSM1225881",0.8472,0.7290525,0.76127,0.759163333333333,0,"never","GSE50660"
"GSM1225882",0.59644,0.5264725,0.64989,0.675135833333333,2,"current","GSE50660"
"GSM1225883",0.45727,0.4314425,0.588482222222222,0.586305,2,"current","GSE50660"
"GSM1225884",0.83819,0.59821,0.685351111111111,0.683903333333333,0,"never","GSE50660"
"GSM1225885",0.54061,0.4735225,0.599617777777778,0.616818333333333,2,"current","GSE50660"
"GSM1225886",0.5265,0.47561,0.610921111111111,0.636031666666667,2,"current","GSE50660"
"GSM1225887",0.80856,0.605365,0.69097,0.692588333333333,0,"never","GSE50660"
"GSM1225888",0.79022,0.6108925,0.698692222222222,0.699719166666667,0,"never","GSE50660"
"GSM1225889",0.62663,0.53107,0.637298888888889,0.64751,0,"never","GSE50660"
"GSM1225890",0.51451,0.5142425,0.648422222222222,0.660334166666667,2,"current","GSE50660"
"GSM1225891",0.82362,0.61743,0.707548888888889,0.722350833333333,0,"never","GSE50660"
